datetime,ARIMA_forecast,ARIMA_lower,ARIMA_upper
2016-10-31 00:00:00,0.0018231976280802913,0.0,0.047200824240253264
2016-10-31 01:00:00,0.0,0.0,0.05404277667479954
2016-10-31 02:00:00,0.0,0.0,0.05732485837883065
2016-10-31 03:00:00,0.0016387160114991152,0.0,0.062322422290736056
2016-10-31 04:00:00,0.012856159950826285,0.0,0.07427298828170206
2016-10-31 05:00:00,0.036374497244618796,0.0,0.09816576830904947
2016-10-31 06:00:00,0.052611070978816156,0.0,0.11457821614501075
2016-10-31 07:00:00,0.08778929741446903,0.02572396122029969,0.14985463360863838
2016-10-31 08:00:00,0.08626988515823478,0.0241516101298584,0.14838816018661116
2016-10-31 09:00:00,0.0843993475469737,0.022247372007435706,0.1465513230865117
2016-10-31 10:00:00,0.054647382168738295,0.0,0.11682107888152235
2016-10-31 11:00:00,0.041872088087654864,0.0,0.1040618972356595
2016-10-31 12:00:00,0.04191943442308743,0.0,0.1041216038318579
2016-10-31 13:00:00,0.043448591774190935,0.0,0.105661202702929
2016-10-31 14:00:00,0.04102144320716445,0.0,0.1032431396113918
2016-10-31 15:00:00,0.03602121072860333,0.0,0.09825125405456317
2016-10-31 16:00:00,0.03377162385491756,0.0,0.0960094759623397
2016-10-31 17:00:00,0.032992481137625006,0.0,0.09523783727995132
2016-10-31 18:00:00,0.028689117886469523,0.0,0.09094175323749046
2016-10-31 19:00:00,0.02477319042368363,0.0,0.08703297456059844
2016-10-31 20:00:00,0.021371474379115515,0.0,0.08363831080291119
2016-10-31 21:00:00,0.01784070856636376,0.0,0.08011454031238892
2016-10-31 22:00:00,0.011178187468368258,0.0,0.07345897239937163
2016-10-31 23:00:00,0.004187698977081858,0.0,0.06647541177506566
2016-11-01 00:00:00,0.0013012743433826702,0.0,0.0654189502167692
2016-11-01 01:00:00,0.0,0.0,0.06364892562312573
2016-11-01 02:00:00,0.0,0.0,0.06401029795954565
2016-11-01 03:00:00,0.002433422669171222,0.0,0.06810820335655778
2016-11-01 04:00:00,0.01550055018767154,0.0,0.0812912422541422
2016-11-01 05:00:00,0.04523697938246682,0.0,0.11109895793924558
2016-11-01 06:00:00,0.06525420074176191,0.0,0.13115967589122832
2016-11-01 07:00:00,0.10951727221004594,0.043580725122960004,0.17545381929713189
2016-11-01 08:00:00,0.10318670278732654,0.03722739648152207,0.16914600909313102
2016-11-01 09:00:00,0.0996272936105787,0.03364931277308207,0.16560527444807532
2016-11-01 10:00:00,0.060627997817959585,0.0,0.12662175176627363
2016-11-01 11:00:00,0.04487379595121596,0.0,0.11088179113324223
2016-11-01 12:00:00,0.04419617554948563,0.0,0.11021728422241271
2016-11-01 13:00:00,0.0463176403503421,0.0,0.11235123899058802
2016-11-01 14:00:00,0.04249730825277908,0.0,0.10854293064566672
2016-11-01 15:00:00,0.03718889410811889,0.0,0.10324627493606274
2016-11-01 16:00:00,0.033970194285497274,0.0,0.10003913433282047
2016-11-01 17:00:00,0.03313573027645193,0.0,0.09921611377921839
2016-11-01 18:00:00,0.02858513019435561,0.0,0.09467687022054479
2016-11-01 19:00:00,0.025556301200014304,0.0,0.09165934619544981
2016-11-01 20:00:00,0.02184639192005515,0.0,0.08796070310840547
2016-11-01 21:00:00,0.01910592729406542,0.0,0.08523148104027316
2016-11-01 22:00:00,0.012977864110572813,0.0,0.07911464247078562
2016-11-01 23:00:00,0.00571342818484487,0.0,0.07186141970004742
2016-11-02 00:00:00,0.004153781043338323,0.0,0.07056732440780533
2016-11-02 01:00:00,0.0015932596140251767,0.0,0.06815944427127596
2016-11-02 02:00:00,0.001635784394234179,0.0,0.06828559175157249
2016-11-02 03:00:00,0.005690932804343861,0.0,0.07239573674423637
2016-11-02 04:00:00,0.019327053656085717,0.0,0.08606813275886352
2016-11-02 05:00:00,0.05097627564085534,0.0,0.11774504602639942
2016-11-02 06:00:00,0.07215648978603632,0.005366037141636748,0.1389469424304359
2016-11-02 07:00:00,0.11921421845170159,0.0524050909695417,0.1860233459338615
2016-11-02 08:00:00,0.11140365226896498,0.044578060267307054,0.17822924427062292
2016-11-02 09:00:00,0.10732471627515855,0.04048383589768624,0.17416559665263087
2016-11-02 10:00:00,0.06548077914629764,0.0,0.13233606163474892
2016-11-02 11:00:00,0.04881021282771472,0.0,0.11567940727748409
2016-11-02 12:00:00,0.047909579862177906,0.0,0.11479231370150793
2016-11-02 13:00:00,0.05021324878122134,0.0,0.11710931059392557
2016-11-02 14:00:00,0.0459643489410274,0.0,0.11287357786919539
2016-11-02 15:00:00,0.040561132682802176,0.0,0.10748343546432304
2016-11-02 16:00:00,0.037044316690182724,0.0,0.10397962238842086
2016-11-02 17:00:00,0.0361928348707093,0.0,0.10314110132137586
2016-11-02 18:00:00,0.031566180393147895,0.0,0.09852737539516557
2016-11-02 19:00:00,0.028810238457325665,0.0,0.09578434214423508
2016-11-02 20:00:00,0.02500552352497561,0.0,0.09199252049116619
2016-11-02 21:00:00,0.02250816941670848,0.0,0.08950804956071852
2016-11-02 22:00:00,0.016544514869561357,0.0,0.0835572700820465
2016-11-02 23:00:00,0.009195807902752467,0.0,0.07622143233088849
2016-11-03 00:00:00,0.006190979181277862,0.0,0.07328762002247254
2016-11-03 01:00:00,0.003669492514282794,0.0,0.07081455049169279
2016-11-03 02:00:00,0.003741242249851207,0.0,0.07091945746707233
2016-11-03 03:00:00,0.00785271710848057,0.0,0.07505705801345411
2016-11-03 04:00:00,0.02166387029869617,0.0,0.08888927503655422
2016-11-03 05:00:00,0.05390150092663777,0.0,0.12114543386529884
2016-11-03 06:00:00,0.07543947207024981,0.008178915042716173,0.14270002909778345
2016-11-03 07:00:00,0.12335688635287995,0.05608071471196324,0.19063305799379665
2016-11-03 08:00:00,0.11509104718387933,0.04780003406592734,0.18238206030183132
2016-11-03 09:00:00,0.11085229562030535,0.04354686591795036,0.17815772532266033
2016-11-03 10:00:00,0.06813329687580555,0.0008137778003096258,0.1354528159513015
2016-11-03 11:00:00,0.05118084076411122,0.0,0.11851426480381946
2016-11-03 12:00:00,0.05021160521872921,0.0,0.11755879229274926
2016-11-03 13:00:00,0.05257132332330509,0.0,0.1199321915979012
2016-11-03 14:00:00,0.04819058852152905,0.0,0.11556507505077569
2016-11-03 15:00:00,0.04275820946882158,0.0,0.11014627691433623
2016-11-03 16:00:00,0.039149687708574306,0.0,0.10655130720003514
2016-11-03 17:00:00,0.03829297091184758,0.0,0.10570812455767516
2016-11-03 18:00:00,0.03364292076702772,0.0,0.1010715944807308
2016-11-03 19:00:00,0.030970923681218596,0.0,0.0984131080991138
2016-11-03 20:00:00,0.027137044865782278,0.0,0.09459273233340591
2016-11-03 21:00:00,0.02471447582082159,0.0,0.09218366071684017
2016-11-03 22:00:00,0.018801396256576904,0.0,0.08628407372091682
2016-11-03 23:00:00,0.011426766038066718,0.0,0.07892293205789136
2016-11-04 00:00:00,0.005228663955543543,0.0,0.07276123241990602
2016-11-04 01:00:00,0.0027191850667328795,0.0,0.07028002588380747
2016-11-04 02:00:00,0.002799924911643971,0.0,0.07038315441631121
2016-11-04 03:00:00,0.006928726774706689,0.0,0.07453145628632929
2016-11-04 04:00:00,0.020793722985109446,0.0,0.0884137671052492
2016-11-04 05:00:00,0.05321235844180936,0.0,0.12084857717106742
2016-11-04 06:00:00,0.07486038191893069,0.00720886955176811,0.14251189428609326
2016-11-04 07:00:00,0.12304225059000398,0.055375922259453716,0.19070857892055426
2016-11-04 08:00:00,0.11463636145764322,0.04695558853045473,0.1823171343848317
2016-11-04 09:00:00,0.11034844781908215,0.04265343711157277,0.17804345852659154
2016-11-04 10:00:00,0.06736026475900557,0.0,0.1350693525999822
2016-11-04 11:00:00,0.05032109439808507,0.0,0.11804416777948495
2016-11-04 12:00:00,0.04933075549475387,0.0,0.11706774338035099
2016-11-04 13:00:00,0.0517077153128006,0.0,0.11945857603985954
2016-11-04 14:00:00,0.04728642576234363,0.0,0.1150511269060846
2016-11-04 15:00:00,0.041845075722070586,0.0,0.10962359743528888
2016-11-04 16:00:00,0.038208343657711974,0.0,0.1060006702547459
2016-11-04 17:00:00,0.03735001649007673,0.0,0.105156137690273
2016-11-04 18:00:00,0.03269276942727317,0.0,0.10051267682452429
2016-11-04 19:00:00,0.03004659525106622,0.0,0.09788028276785947
2016-11-04 20:00:00,0.026203745113190617,0.0,0.09405120751543808
2016-11-04 21:00:00,0.02380418126663166,0.0,0.09166541432292821
2016-11-04 22:00:00,0.01790665945502358,0.0,0.0857816593075659
2016-11-04 23:00:00,0.010524054789180743,0.0,0.07841281798390343
2016-11-05 00:00:00,0.001769381913244849,0.0,0.06968632492097791
2016-11-05 01:00:00,0.0,0.0,0.06720380490611134
2016-11-05 02:00:00,0.0,0.0,0.0673069067429991
2016-11-05 03:00:00,0.003481234142007902,0.0,0.07145878655771826
2016-11-05 04:00:00,0.017362793410689796,0.0,0.08535666857797167
2016-11-05 05:00:00,0.04983710913044161,0.0,0.11784655259000154
2016-11-05 06:00:00,0.07151898663743225,0.0034945637408285574,0.13954340953403593
2016-11-05 07:00:00,0.11978220612115931,0.05174312572388495,0.18782128651843366
2016-11-05 08:00:00,0.11133323516134792,0.04327974889135404,0.17938672143134182
2016-11-05 09:00:00,0.10703019840543004,0.03896244726300563,0.17509794954785446
2016-11-05 10:00:00,0.06395920952407466,0.0,0.1320411155827333
2016-11-05 11:00:00,0.0468933643377344,0.0,0.1149893621242143
2016-11-05 12:00:00,0.045896533671006885,0.0,0.11400657392337649
2016-11-05 13:00:00,0.04827879734281326,0.0,0.11640285075954841
2016-11-05 14:00:00,0.043845032439681735,0.0,0.11198307599858151
2016-11-05 15:00:00,0.038400922766138615,0.0,0.10655294200516384
2016-11-05 16:00:00,0.034755512716974454,0.0,0.10292149600729651
2016-11-05 17:00:00,0.03389669017097604,0.0,0.10207662956549549
2016-11-05 18:00:00,0.029237229209851404,0.0,0.09743111803903476
2016-11-05 19:00:00,0.026598998613985802,0.0,0.09480683179586531
2016-11-05 20:00:00,0.02275338873982709,0.0,0.09097516176793953
2016-11-05 21:00:00,0.020360901696176416,0.0,0.08859661074794634
2016-11-05 22:00:00,0.0144681657224117,0.0,0.08271780722910489
2016-11-05 23:00:00,0.0070831079765697165,0.0,0.07534667863675412
2016-11-06 00:00:00,0.0,0.0,0.06661715000033958
2016-11-06 01:00:00,0.0,0.0,0.06413441424463576
2016-11-06 02:00:00,0.0,0.0,0.06423763250320431
2016-11-06 03:00:00,4.3103127607129355e-05,0.0,0.06839071495292129
2016-11-06 04:00:00,0.0139297574837972,0.0,0.08229347665527749
2016-11-06 05:00:00,0.04642120142998804,0.0,0.11480038761327345
2016-11-06 06:00:00,0.06811349303090877,0.0,0.13650764480008298
2016-11-06 07:00:00,0.11640173745280527,0.04799289504803392,0.18481057985757662
2016-11-06 08:00:00,0.10793951376652429,0.039516196033793805,0.17636283149925477
2016-11-06 09:00:00,0.10363182487420558,0.0351941527816326,0.17206949696677856
2016-11-06 10:00:00,0.06053536346848354,0.0,0.12898729542787896
2016-11-06 11:00:00,0.04346131263754018,0.0,0.11192744994570589
2016-11-06 12:00:00,0.04246248499042238,0.0,0.11094278503442877
2016-11-06 13:00:00,0.04484638022075982,0.0,0.1133408174669762
2016-11-06 14:00:00,0.040408777680127954,0.0,0.10891733196855302
2016-11-06 15:00:00,0.034963819094942755,0.0,0.10348647759382429
2016-11-06 16:00:00,0.03131573954530147,0.0,0.09985249184876388
2016-11-06 17:00:00,0.03045676461222166,0.0,0.09900760346730515
2016-11-06 18:00:00,0.025796622617106205,0.0,0.09436154186526224
2016-11-06 19:00:00,0.023160835606011322,0.0,0.0917398304489078
2016-11-06 20:00:00,0.019314376788521916,0.0,0.08790744292121547
2016-11-06 21:00:00,0.016924066693686374,0.0,0.08553120039760674
2016-11-06 22:00:00,0.011032802927662575,0.0,0.07965400070162586
2016-11-06 23:00:00,0.0036469905713465145,0.0,0.07228224914053288
2016-11-07 00:00:00,0.0,0.0,0.06610582650730122
2016-11-07 01:00:00,0.0,0.0,0.06362311827312563
2016-11-07 02:00:00,0.0,0.0,0.06372645959097989
2016-11-07 03:00:00,0.0,0.0,0.06787999650773144
2016-11-07 04:00:00,0.01305000855769528,0.0,0.08178434203750316
2016-11-07 05:00:00,0.04554672144704239,0.0,0.11429657272595327
2016-11-07 06:00:00,0.06724221660608615,0.0,0.13600711058921255
2016-11-07 07:00:00,0.11553815913830207,0.046758483237606646,0.18431783503899749
2016-11-07 08:00:00,0.1070718586806938,0.03827760521402877,0.1758661121473588
2016-11-07 09:00:00,0.10276273870954516,0.03395402260778367,0.17157145481130665
2016-11-07 10:00:00,0.059658441508131564,0.0,0.12848153040967644
2016-11-07 11:00:00,0.042581866476849764,0.0,0.1114192762627687
2016-11-07 12:00:00,0.04158242452350487,0.0,0.11043411457206526
2016-11-07 13:00:00,0.04396682164989016,0.0,0.1128327675463073
2016-11-07 14:00:00,0.03952803858458951,0.0,0.10840822101352918
2016-11-07 15:00:00,0.0340828188592797,0.0,0.10297722546054308
2016-11-07 16:00:00,0.030433918124425828,0.0,0.0993425388403606
2016-11-07 17:00:00,0.029574896314404457,0.0,0.09849772408014304
2016-11-07 18:00:00,0.024914544821277165,0.0,0.09385157361095157
2016-11-07 19:00:00,0.0222795094997574,0.0,0.09123073457899615
2016-11-07 20:00:00,0.018432789532395407,0.0,0.08739820663548023
2016-11-07 21:00:00,0.016043149105233974,0.0,0.08502275452365007
2016-11-07 22:00:00,0.010152338216157405,0.0,0.07914612844805023
2016-11-07 23:00:00,0.0027662937284115554,0.0,0.07177426548684245
2016-11-08 00:00:00,0.0,0.0,0.06878237799258015
2016-11-08 01:00:00,0.0,0.0,0.06629976272828529
2016-11-08 02:00:00,0.0,0.0,0.06640322523681594
2016-11-08 03:00:00,0.0014660612692392926,0.0,0.0705569844688784
2016-11-08 04:00:00,0.015354765104594308,0.0,0.08446189896850181
2016-11-08 05:00:00,0.047853098813357996,0.0,0.11697584739745015
2016-11-08 06:00:00,0.06954957944312215,0.000411683520166517,0.13868747536607778
2016-11-08 07:00:00,0.11784789004922058,0.04869510344750651,0.18700067665093467
2016-11-08 08:00:00,0.10938033550518012,0.04021285939505671,0.17854781161530353
2016-11-08 09:00:00,0.10507077530905935,0.03588872288106505,0.17425282773705364
2016-11-08 10:00:00,0.061964067679325587,0.0,0.1311606079263678
2016-11-08 11:00:00,0.04488671615970475,0.0,0.11409769304670603
2016-11-08 12:00:00,0.043887085234979625,0.0,0.11311245869809426
2016-11-08 13:00:00,0.04627163675340053,0.0,0.11551138268133558
2016-11-08 14:00:00,0.04183249053798645,0.0,0.11108658983901082
2016-11-08 15:00:00,0.03638719048138971,0.0,0.10565563091019706
2016-11-08 16:00:00,0.032738037135547696,0.0,0.10202080871349031
2016-11-08 17:00:00,0.03187900090535614,0.0,0.1011760965999875
2016-11-08 18:00:00,0.027218584966962465,0.0,0.09652999876876722
2016-11-08 19:00:00,0.02458378087835269,0.0,0.09390950804945308
2016-11-08 20:00:00,0.020736980576705127,0.0,0.09007701684081491
2016-11-08 21:00:00,0.018347546151076956,0.0,0.08770188778099341
2016-11-08 22:00:00,0.012456874574900072,0.0,0.08182551804727703
2016-11-08 23:00:00,0.005070758679451114,0.0,0.0744537006834852
2016-11-09 00:00:00,0.0034708919320717247,0.0,0.07287917081771887
2016-11-09 01:00:00,0.0009667332655297669,0.0,0.0703966672384084
2016-11-09 02:00:00,0.001051456310262549,0.0,0.07050024954630124
2016-11-09 03:00:00,0.005187935156812189,0.0,0.07465415908313441
2016-11-09 04:00:00,0.019076787307141126,0.0,0.08855932989206636
2016-11-09 05:00:00,0.051575619608412504,0.0,0.12107388760139504
2016-11-09 06:00:00,0.0732724033862712,0.0037588753521195506,0.14278593142042284
2016-11-09 07:00:00,0.12157144245346985,0.052042909987631336,0.19109997491930836
2016-11-09 08:00:00,0.11310350213042608,0.04356016560636916,0.182646838654483
2016-11-09 09:00:00,0.10879380651337527,0.03923577869968081,0.17835183432706972
2016-11-09 10:00:00,0.06568635739357269,0.0,0.13525898831525096
2016-11-09 11:00:00,0.048608767012506715,0.0,0.11819595002655993
2016-11-09 12:00:00,0.047609077956867446,0.0,0.11721077311738282
2016-11-09 13:00:00,0.049993676968989015,0.0,0.11960986021795665
2016-11-09 14:00:00,0.04555441904222457,0.0,0.11518507132096617
2016-11-09 15:00:00,0.04010909427431368,0.0,0.10975420334307089
2016-11-09 16:00:00,0.036459863220896865,0.0,0.10611941909753789
2016-11-09 17:00:00,0.0356008225548078,0.0,0.1052748181916955
2016-11-09 18:00:00,0.030940386791918774,0.0,0.10062881616036282
2016-11-09 19:00:00,0.028305653834611637,0.0,0.09800851217270773
2016-11-09 20:00:00,0.024458828820727488,0.0,0.09417611182652859
2016-11-09 21:00:00,0.022069457764787515,0.0,0.09180116168377224
2016-11-09 22:00:00,0.01617882904370436,0.0,0.08592495032483458
2016-11-09 23:00:00,0.008792691181992288,0.0,0.07855322648717779
2016-11-10 00:00:00,0.005775490203654644,0.0,0.07556146105301507
2016-11-10 01:00:00,0.0032713417119942184,0.0,0.07307907424090618
2016-11-10 02:00:00,0.0033560723745640485,0.0,0.07318277537984408
2016-11-10 03:00:00,0.007492565903281755,0.0,0.07733681259093744
2016-11-10 04:00:00,0.021381463677900493,0.0,0.09124214309443167
2016-11-10 05:00:00,0.05388044935498054,0.0,0.12375696868942886
2016-11-10 06:00:00,0.07557732638651521,0.0056854322233288734,0.14546922054970154
2016-11-10 07:00:00,0.12387658954113717,0.053969576045510906,0.19378360303676345
2016-11-10 08:00:00,0.11540853054569924,0.0454865980209615,0.185330463070437
2016-11-10 09:00:00,0.11109879327079292,0.04116205446534345,0.1810355320762424
2016-11-10 10:00:00,0.06799111605562752,0.0,0.13794257296669024
2016-11-10 11:00:00,0.05091345219658756,0.0,0.12087957618666065
2016-11-10 12:00:00,0.04991374525885854,0.0,0.11989449636600644
2016-11-10 13:00:00,0.052298358880876236,0.0,0.12229371302427938
2016-11-10 14:00:00,0.04785906658973921,0.0,0.11786900468587148
2016-11-10 15:00:00,0.04241373422019426,0.0,0.11243824400170951
2016-11-10 16:00:00,0.0387644792625632,0.0,0.1088035507188993
2016-11-10 17:00:00,0.03790543723191418,0.0,0.10795906328593288
2016-11-10 18:00:00,0.03324499537066235,0.0,0.10331316996387233
2016-11-10 19:00:00,0.030610284294592692,0.0,0.10069300263501219
2016-11-10 20:00:00,0.026763451678790715,0.0,0.09686070943441477
2016-11-10 21:00:00,0.024374100116479353,0.0,0.09448589350303747
2016-11-10 22:00:00,0.01848348457837539,0.0,0.08860981001544499
2016-11-10 23:00:00,0.011097339959455147,0.0,0.08123819408080449
2016-11-11 00:00:00,0.004895431953513213,0.0,0.07506183322712982
2016-11-11 01:00:00,0.0023912865918249773,0.0,0.07257956414119549
2016-11-11 02:00:00,0.002476019597775223,0.0,0.0726833832956466
2016-11-11 03:00:00,0.0066125176429855876,0.0,0.07683754074790716
2016-11-11 04:00:00,0.02050142945243685,0.0,0.09074300079080692
2016-11-11 05:00:00,0.053000462310608315,0.0,0.12325798883774752
2016-11-11 06:00:00,0.07469736802861086,0.00442435164250321,0.14497038441471852
2016-11-11 07:00:00,0.12299670011645832,0.052708449534000654,0.193284950698916
2016-11-11 08:00:00,0.11452860461530852,0.04422532028624311,0.1848318889443739
2016-11-11 09:00:00,0.11021885452571445,0.03990064929784773,0.18053705975358117
2016-11-11 10:00:00,0.06711110714441103,0.0,0.1374441450101455
2016-11-11 11:00:00,0.05003342068225628,0.0,0.12038124009646797
2016-11-11 12:00:00,0.049033708243682514,0.0,0.11939626918869956
2016-11-11 13:00:00,0.051418326359960756,0.0,0.12179560470969007
2016-11-11 14:00:00,0.04697902349773943,0.0,0.11737100012676543
2016-11-11 15:00:00,0.04153368878979838,0.0,0.11194035139352687
2016-11-11 16:00:00,0.03788442647881135,0.0,0.10830576501102998
2016-11-11 17:00:00,0.03702538402839974,0.0,0.10746139137841856
2016-11-11 18:00:00,0.032364940291184446,0.0,0.10281561036775788
2016-11-11 19:00:00,0.029730235946167586,0.0,0.10019556392564505
2016-11-11 20:00:00,0.025883400991882227,0.0,0.09636338251110067
2016-11-11 21:00:00,0.023494055426153255,0.0,0.09398868667057517
2016-11-11 22:00:00,0.017603443943365132,0.0,0.08811272130288217
2016-11-11 23:00:00,0.010217297245809026,0.0,0.08074121732598674
2016-11-12 00:00:00,0.0014614536010126246,0.0,0.07201103573279836
2016-11-12 01:00:00,0.0,0.0,0.06952888407263233
2016-11-12 02:00:00,0.0,0.0,0.06963282047628523
2016-11-12 03:00:00,0.0031785423635367835,0.0,0.07378709541165535
2016-11-12 04:00:00,0.017067458490348922,0.0,0.08769267528198017
2016-11-12 05:00:00,0.049566505862252426,0.0,0.1202077929316582
2016-11-12 06:00:00,0.07126342040471612,0.0006065287715550371,0.1419203120378772
2016-11-12 07:00:00,0.11956277369763392,0.048890533406749176,0.19023501398851866
2016-11-12 08:00:00,0.11109466696668627,0.04040727867380213,0.18178205525957042
2016-11-12 09:00:00,0.10678491293506932,0.036082489620144806,0.17748733624999385
2016-11-12 10:00:00,0.06367714396943,0.0,0.134394513934399
2016-11-12 11:00:00,0.046599450554160336,0.0,0.11733171600296252
2016-11-12 12:00:00,0.04559973642343017,0.0,0.11634685727195318
2016-11-12 13:00:00,0.04798435592222185,0.0,0.11874630799314442
2016-11-12 14:00:00,0.0435450498081494,0.0,0.11432181392970381
2016-11-12 15:00:00,0.038099714380876656,0.0,0.10889127820878877
2016-11-12 16:00:00,0.034450449807868246,0.0,0.1052568032585145
2016-11-12 17:00:00,0.03359140722833028,0.0,0.10441254315657911
2016-11-12 18:00:00,0.028930962914035692,0.0,0.09976687519529831
2016-11-12 19:00:00,0.026296260639608843,0.0,0.09714694441834963
2016-11-12 20:00:00,0.022449424965964943,0.0,0.09331487584778018
2016-11-12 21:00:00,0.02006008124488999,0.0,0.09094029538504843
2016-11-12 22:00:00,0.01416947100958822,0.0,0.08506444476842528
2016-11-12 23:00:00,0.006783323672607227,0.0,0.0776930536276715
2016-11-13 00:00:00,0.0,0.0,0.06896298705156124
2016-11-13 01:00:00,0.0,0.0,0.06648095213308973
2016-11-13 02:00:00,0.0,0.0,0.06658500503613524
2016-11-13 03:00:00,0.0,0.0,0.0707393961350699
2016-11-13 04:00:00,0.013633486979214885,0.0,0.08464509240928425
2016-11-13 05:00:00,0.04613253881579717,0.0,0.11716032914025058
2016-11-13 06:00:00,0.06782945607282002,0.0,0.13887296516490458
2016-11-13 07:00:00,0.11612881588878976,0.0450698441934403,0.18718778758413923
2016-11-13 08:00:00,0.10766070570335913,0.03658647227779553,0.17873493912892274
2016-11-13 09:00:00,0.10335095045910672,0.032261568421506875,0.17444033249670657
2016-11-13 10:00:00,0.06024317485374672,0.0,0.1313476170157325
2016-11-13 11:00:00,0.043165479299576835,0.0,0.11428493034048653
2016-11-13 12:00:00,0.04216576464830965,0.0,0.11330018441580078
2016-11-13 13:00:00,0.044550384572386734,0.0,0.1156997488370297
2016-11-13 14:00:00,0.04011107745798779,0.0,0.11127536700106697
2016-11-13 15:00:00,0.03466574180943599,0.0,0.1058449442467888
2016-11-13 16:00:00,0.03101647654059008,0.0,0.1022105817511002
2016-11-13 17:00:00,0.030157433921330593,0.0,0.10136643472550841
2016-11-13 18:00:00,0.02549698942951628,0.0,0.09672087966956963
2016-11-13 19:00:00,0.02286228779203927,0.0,0.09410106258075629
2016-11-13 20:00:00,0.01901545189710805,0.0,0.09026910680907674
2016-11-13 21:00:00,0.016626108743481055,0.0,0.08789463990403382
2016-11-13 22:00:00,0.01073549889192799,0.0,0.08201890263210843
2016-11-13 23:00:00,0.003349351358248675,0.0,0.07464762422785254
2016-11-14 00:00:00,0.0,0.0,0.06847160719076614
2016-11-14 01:00:00,0.0,0.0,0.0659896882153391
2016-11-14 02:00:00,0.0,0.0,0.06609385687471767
2016-11-14 03:00:00,0.0,0.0,0.07024836326099998
2016-11-14 04:00:00,0.01275345025097514,0.0,0.08415417445018032
2016-11-14 05:00:00,0.045252503460971,0.0,0.11666952660924182
2016-11-14 06:00:00,0.06694942155303993,0.0,0.1383822771175232
2016-11-14 07:00:00,0.11524878337561492,0.043800351813551436,0.1866972149376784
2016-11-14 08:00:00,0.1067806721275247,0.03531686565487223,0.17824447860017717
2016-11-14 09:00:00,0.10247091651024431,0.030991848381315343,0.17394998463917327
2016-11-14 10:00:00,0.05936313886238969,0.0,0.1308573800460031
2016-11-14 11:00:00,0.04228544265025655,0.0,0.11379480556495782
2016-11-14 12:00:00,0.04128572783886303,0.0,0.11281017226501494
2016-11-14 13:00:00,0.04367034789376537,0.0,0.11520984955050192
2016-11-14 14:00:00,0.03923104047164844,0.0,0.11078558009389385
2016-11-14 15:00:00,0.03378570475502732,0.0,0.10535526991920308
2016-11-14 16:00:00,0.030136439272129577,0.0,0.10172101982006046
2016-11-14 17:00:00,0.029277396640651057,0.0,0.1008769853588725
2016-11-14 18:00:00,0.02461695209422856,0.0,0.09623154279210977
2016-11-14 19:00:00,0.021982250652688502,0.0,0.09361183841168216
2016-11-14 20:00:00,0.01813541468968542,0.0,0.0897799950537021
2016-11-14 21:00:00,0.015746071710615386,0.0,0.08740564077536715
2016-11-14 22:00:00,0.00985546197711015,0.0,0.08153001604465668
2016-11-14 23:00:00,0.0024693143829229835,0.0,0.07415884997559752
2016-11-15 00:00:00,0.0,0.0,0.07116765151591259
2016-11-15 01:00:00,0.0,0.0,0.0686858476531794
2016-11-15 02:00:00,0.0,0.0,0.06879013132981059
2016-11-15 03:00:00,0.001169200275754337,0.0,0.07294475226466349
2016-11-15 04:00:00,0.015058118264883943,0.0,0.08685067747541922
2016-11-15 05:00:00,0.04755717189736592,0.0,0.11936614352224495
2016-11-15 06:00:00,0.06925409024630967,0.0,0.14107900736375406
2016-11-15 07:00:00,0.11755345268615171,0.04571284673927714,0.18939405863302627
2016-11-15 08:00:00,0.10908534111116872,0.03722924762799254,0.1809414345943449
2016-11-15 09:00:00,0.10477558537913839,0.032904117745578804,0.17664705301269798
2016-11-15 10:00:00,0.06166780710297654,0.0,0.1335545601749897
2016-11-15 11:00:00,0.044590110688442354,0.0,0.11649209779935857
2016-11-15 12:00:00,0.043590395827791166,0.0,0.11550757669243253
2016-11-15 13:00:00,0.04597501592293766,0.0,0.11790736621014081
2016-11-15 14:00:00,0.04153570840616127,0.0,0.11348320880543455
2016-11-15 15:00:00,0.03609037266860083,0.0,0.10805301071762877
2016-11-15 16:00:00,0.032441107119856996,0.0,0.10441887262399563
2016-11-15 17:00:00,0.03158206448461968,0.0,0.10357495019690444
2016-11-15 18:00:00,0.02692161992139875,0.0,0.09892961961879435
2016-11-15 19:00:00,0.024286918540132336,0.0,0.09631002727313859
2016-11-15 20:00:00,0.02044008255618915,0.0,0.09247829583840164
2016-11-15 21:00:00,0.0180507396308159,0.0,0.090104053528662
2016-11-15 22:00:00,0.012160129933624253,0.0,0.08422854072050266
2016-11-15 23:00:00,0.004773982320823804,0.0,0.07685748649190585
2016-11-16 00:00:00,0.00317410508971912,0.0,0.07528372787253898
2016-11-16 01:00:00,0.0006699611148109771,0.0,0.07280203828605808
2016-11-16 02:00:00,0.0007546951590302908,0.0,0.07290643624415141
2016-11-16 03:00:00,0.004891195205338981,0.0,0.07706117103231443
2016-11-16 04:00:00,0.01878011323312867,0.0,0.09096720955503759
2016-11-16 05:00:00,0.051279166995574804,0.0,0.1234827885994874
2016-11-16 06:00:00,0.07297608542353776,0.0007564058281818858,0.14519576501889364
2016-11-16 07:00:00,0.12127544805326197,0.04903996736273575,0.1935109287437882
2016-11-16 08:00:00,0.11280733637772103,0.040556256082245404,0.18505841667319667
2016-11-16 09:00:00,0.10849758061039161,0.036231014222273844,0.18076414699850937
2016-11-16 10:00:00,0.06538980214095144,0.0,0.13767176580357998
2016-11-16 11:00:00,0.04831210566415514,0.0,0.12060941512827109
2016-11-16 12:00:00,0.04731239078835142,0.0,0.11962500570522155
2016-11-16 13:00:00,0.04969701089587772,0.0,0.12202490688531334
2016-11-16 14:00:00,0.04525770334998243,0.0,0.11760086105712213
2016-11-16 15:00:00,0.039812367605980684,0.0,0.11217077453051065
2016-11-16 16:00:00,0.036163102036981434,0.0,0.108536747948425
2016-11-16 17:00:00,0.03530405940058784,0.0,0.10769293701898312
2016-11-16 18:00:00,0.030643614832199413,0.0,0.10304771790256217
2016-11-16 19:00:00,0.028008913469474234,0.0,0.10042823701174763
2016-11-16 20:00:00,0.02416207747908951,0.0,0.09659661697692744
2016-11-16 21:00:00,0.021772734570234337,0.0,0.09422248606112266
2016-11-16 22:00:00,0.015882124884213384,0.0,0.08834708461321904
2016-11-16 23:00:00,0.008495977265687165,0.0,0.08097614170112492
2016-11-17 00:00:00,0.005478773062371567,0.0,0.0779851680402737
2016-11-17 01:00:00,0.002974629090115629,0.0,0.07550359189549997
2016-11-17 02:00:00,0.003059363136320624,0.0,0.0756081034024797
2016-11-17 03:00:00,0.0071958631864563975,0.0,0.07976295136346255
2016-11-17 04:00:00,0.02108478122613861,0.0,0.093669102545817
2016-11-17 05:00:00,0.053583835028564,0.0,0.12618479389815024
2016-11-17 06:00:00,0.07528075348083466,0.0026636246999004326,0.14789788226176886
2016-11-17 07:00:00,0.12358011616896997,0.0509470745943901,0.19621315774354983
2016-11-17 08:00:00,0.11511200446249562,0.042463251772273405,0.18776075715271784
2016-11-17 09:00:00,0.11080224868430757,0.03813789851177547,0.1834665988568397
2016-11-17 10:00:00,0.0676944701554116,0.0,0.14037432889017096
2016-11-17 11:00:00,0.05061677365946236,0.0,0.12331208941249908
2016-11-17 12:00:00,0.04961705877899746,0.0,0.1223277911400589
2016-11-17 13:00:00,0.052001678890332005,0.0,0.12472780343150597
2016-11-17 14:00:00,0.04756237133547921,0.0,0.12030386865860412
2016-11-17 15:00:00,0.04211703558949602,0.0,0.11487389315701284
2016-11-17 16:00:00,0.03846777001426585,0.0,0.11123997756051285
2016-11-17 17:00:00,0.03760872737751657,0.0,0.11039627759004494
2016-11-17 18:00:00,0.032948282807538525,0.0,0.10575116939987728
2016-11-17 19:00:00,0.03031358145051695,0.0,0.10313179941245346
2016-11-17 20:00:00,0.02646674545815069,0.0,0.09930029024377479
2016-11-17 21:00:00,0.02407740255437676,0.0,0.09692627017257956
2016-11-17 22:00:00,0.018186792871792118,0.0,0.09105097953964145
2016-11-17 23:00:00,0.010800645251504551,0.0,0.08368014741076707
2016-11-18 00:00:00,0.0045987362535027795,0.0,0.07750457994075031
2016-11-18 01:00:00,0.0020945922820627067,0.0,0.0750231164075953
2016-11-18 02:00:00,0.0021793263288785326,0.0,0.07512774073420181
2016-11-18 03:00:00,0.006315826380191585,0.0,0.07928270119357521
2016-11-18 04:00:00,0.020204744423532147,0.0,0.09318896440171959
2016-11-18 05:00:00,0.052703798238255856,0.0,0.12570476743437423
2016-11-18 06:00:00,0.07440071669800398,0.0013834662498065642,0.1474179671462014
2016-11-18 07:00:00,0.12270007940410756,0.04966680503129771,0.19573335377691742
2016-11-18 08:00:00,0.11423196768811755,0.04118287124720546,0.18728106412902965
2016-11-18 09:00:00,0.10992221190658921,0.036857407146587653,0.18298701666659078
2016-11-18 10:00:00,0.0668144333594036,0.0,0.13989485742069668
2016-11-18 11:00:00,0.049736736857562594,0.0,0.12283272860780979
2016-11-18 12:00:00,0.04873702197566384,0.0,0.12184854094512401
2016-11-18 13:00:00,0.05112164208816987,0.0,0.12424866380250721
2016-11-18 14:00:00,0.04668233453056159,0.0,0.11982483954938304
2016-11-18 15:00:00,0.04123699878396886,0.0,0.11439497453322375
2016-11-18 16:00:00,0.03758773320682195,0.0,0.11076116938631195
2016-11-18 17:00:00,0.036728690569963245,0.0,0.10991757983526465
2016-11-18 18:00:00,0.03206824599949622,0.0,0.10527258203311497
2016-11-18 19:00:00,0.029433544644229176,0.0,0.10265332240619994
2016-11-18 20:00:00,0.025586708651253363,0.0,0.09882192356648156
2016-11-18 21:00:00,0.02319736574904252,0.0,0.09644801379817343
2016-11-18 22:00:00,0.017306756067514938,0.0,0.09057283343995218
2016-11-18 23:00:00,0.009920608446685547,0.0,0.08320211155795862
2016-11-19 00:00:00,0.0011647644967141232,0.0,0.07447271918226536
2016-11-19 01:00:00,0.0,0.0,0.07199136743598156
2016-11-19 02:00:00,0.0,0.0,0.07209610385641912
2016-11-19 03:00:00,0.0028818546242039564,0.0,0.07625117614326167
2016-11-19 04:00:00,0.016770772668669887,0.0,0.09015755075005347
2016-11-19 05:00:00,0.04926982648717678,0.0,0.12267346485526298
2016-11-19 06:00:00,0.0709667449492251,0.0,0.14438677533128497
2016-11-19 07:00:00,0.11926610766085605,0.045829942790548986,0.19270227253116312
2016-11-19 08:00:00,0.11079799594193887,0.03734589860925226,0.1842500932746255
2016-11-19 09:00:00,0.10648824015938299,0.03302032422373455,0.17995615609503143
2016-11-19 10:00:00,0.06338046160657115,0.0,0.1368641070338505
2016-11-19 11:00:00,0.04630276510291774,0.0,0.11980208834361271
2016-11-19 12:00:00,0.04530305022057791,0.0,0.11881801074746765
2016-11-19 13:00:00,0.047687670333444294,0.0,0.12121824362705758
2016-11-19 14:00:00,0.043248362774988384,0.0,0.1167945293537608
2016-11-19 15:00:00,0.03780302702820816,0.0,0.11136477428234703
2016-11-19 16:00:00,0.03415376145047162,0.0,0.10773107904588802
2016-11-19 17:00:00,0.03329471881357927,0.0,0.10688759937438597
2016-11-19 18:00:00,0.02863427424296181,0.0,0.10224271142110558
2016-11-19 19:00:00,0.025999572888234495,0.0,0.09962356161440115
2016-11-19 20:00:00,0.022152736895071173,0.0,0.09579227256536266
2016-11-19 21:00:00,0.01976339399334116,0.0,0.09341847256050752
2016-11-19 22:00:00,0.013872784312138758,0.0,0.08754340193825613
2016-11-19 23:00:00,0.006486636691142692,0.0,0.08017278976581625
2016-11-20 00:00:00,0.0,0.0,0.07144350650494696
2016-11-20 01:00:00,0.0,0.0,0.06896226572649078
2016-11-20 02:00:00,0.0,0.0,0.06906711351858354
2016-11-20 03:00:00,0.0,0.0,0.07322229696481591
2016-11-20 04:00:00,0.013336800913664537,0.0,0.0871287823463095
2016-11-20 05:00:00,0.0458358547333352,0.0,0.1196448069231951
2016-11-20 06:00:00,0.0675327731960911,0.0,0.1413582275836182
2016-11-20 07:00:00,0.11583213590942235,0.04199043703690547,0.18967383478193922
2016-11-20 08:00:00,0.10736402418960475,0.03350628301832691,0.18122176536088258
2016-11-20 09:00:00,0.10305426840673276,0.02918059890132574,0.1769279379121398
2016-11-20 10:00:00,0.0599464898521902,0.0,0.13383599849097944
2016-11-20 11:00:00,0.04286879334797925,0.0,0.11677408937853109
2016-11-20 12:00:00,0.04186907846550374,0.0,0.11579012130509896
2016-11-20 13:00:00,0.044253698578480986,0.0,0.11819046366378635
2016-11-20 14:00:00,0.039814391019764334,0.0,0.11376685882909343
2016-11-20 15:00:00,0.03436905527292643,0.0,0.10833721316148867
2016-11-20 16:00:00,0.030719789695008513,0.0,0.1047036272954667
2016-11-20 17:00:00,0.029860747058105805,0.0,0.10386025696361921
2016-11-20 18:00:00,0.02520030248744208,0.0,0.0992154783198616
2016-11-20 19:00:00,0.022565601132880794,0.0,0.09659643779394778
2016-11-20 20:00:00,0.01871876513965979,0.0,0.09276525799705443
2016-11-20 21:00:00,0.016329422238077686,0.0,0.0903915672170067
2016-11-20 22:00:00,0.010438812556975305,0.0,0.08451660579252553
2016-11-20 23:00:00,0.0030526649359279697,0.0,0.07714610279209494
2016-11-21 00:00:00,0.0,0.0,0.07097086267489953
2016-11-21 01:00:00,0.0,0.0,0.06848973205112781
2016-11-21 02:00:00,0.0,0.0,0.06859469049647202
2016-11-21 03:00:00,0.0,0.0,0.0727499844367661
2016-11-21 04:00:00,0.012456764110405721,0.0,0.0866565799712564
2016-11-21 05:00:00,0.044955817930434384,0.0,0.11917271442198099
2016-11-21 06:00:00,0.06665273639340794,0.0,0.14088624468896863
2016-11-21 07:00:00,0.11495209910726226,0.040702236896211885,0.18920196131831263
2016-11-21 08:00:00,0.10648398738716763,0.03221797359838152,0.18075000117595375
2016-11-21 09:00:00,0.10217423160419845,0.027892180302420397,0.17645628290597648
2016-11-21 10:00:00,0.05906645304912345,0.0,0.1333644525777788
2016-11-21 11:00:00,0.04198875654474102,0.0,0.11630265249768527
2016-11-21 12:00:00,0.04098904166222376,0.0,0.11531879340319187
2016-11-21 13:00:00,0.043373661775235106,0.0,0.11771924469828936
2016-11-21 14:00:00,0.03893435421643824,0.0,0.11329574876080789
2016-11-21 15:00:00,0.03348901846958259,0.0,0.10786621195621726
2016-11-21 16:00:00,0.02983975289160888,0.0,0.10423273492056123
2016-11-21 17:00:00,0.028980710254702988,0.0,0.10338947338868709
2016-11-21 18:00:00,0.024320265684025025,0.0,0.09874480351525833
2016-11-21 19:00:00,0.02168556432951481,0.0,0.09612587173119871
2016-11-21 20:00:00,0.017838728336276064,0.0,0.09229480064805129
2016-11-21 21:00:00,0.015449385434739463,0.0,0.08992121855462237
2016-11-21 22:00:00,0.009558775753667854,0.0,0.08404636579009536
2016-11-21 23:00:00,0.002172628132604747,0.0,0.0766759714242789
2016-11-22 00:00:00,0.0,0.0,0.0736855433787823
2016-11-22 01:00:00,0.0,0.0,0.07120452210259166
2016-11-22 02:00:00,0.0,0.0,0.07130959048670138
2016-11-22 03:00:00,0.0008725140562859772,0.0,0.07546499425856054
2016-11-22 04:00:00,0.014761432101237346,0.0,0.08937169932640443
2016-11-22 05:00:00,0.04726048592137613,0.0,0.12188794305510872
2016-11-22 06:00:00,0.06895740438441667,0.0,0.14360158235220744
2016-11-22 07:00:00,0.11725676709843187,0.04259612635005651,0.19191740784680722
2016-11-22 08:00:00,0.10878865537825204,0.03411175432989659,0.1834655564266075
2016-11-22 09:00:00,0.10447889959525293,0.029785852406760724,0.17917194678374515
2016-11-22 10:00:00,0.06137112104001418,0.0,0.13608022500114003
2016-11-22 11:00:00,0.044293424535578975,0.0,0.11901853340817839
2016-11-22 12:00:00,0.04329370965304888,0.0,0.11803478274923412
2016-11-22 13:00:00,0.04567832976607072,0.0,0.12043534243854112
2016-11-22 14:00:00,0.041239022207249176,0.0,0.11601195485717535
2016-11-22 15:00:00,0.03579368646038807,0.0,0.11058252637519161
2016-11-22 16:00:00,0.0321444208823972,0.0,0.10694915763015442
2016-11-22 17:00:00,0.031285378245490325,0.0,0.1061060043589764
2016-11-22 18:00:00,0.026624933674807987,0.0,0.10146144271706815
2016-11-22 19:00:00,0.02399023232031348,0.0,0.09884261913641369
2016-11-22 20:00:00,0.02014339632706928,0.0,0.09501165622899335
2016-11-22 21:00:00,0.017754053425546673,0.0,0.09263818228447435
2016-11-22 22:00:00,0.011863443744484531,0.0,0.08676343764254321
2016-11-22 23:00:00,0.004477296123416571,0.0,0.07939315137433227
2016-11-23 00:00:00,0.002877418889579178,0.0,0.0778201566712513
2016-11-23 01:00:00,0.00037327491850058705,0.0,0.07533924394169446
2016-11-23 02:00:00,0.00045800896558704975,0.0,0.07544442155413937
2016-11-23 03:00:00,0.004594509017421712,0.0,0.0795999344980262
2016-11-23 04:00:00,0.018483427062383158,0.0,0.09350674848169788
2016-11-23 05:00:00,0.05098248088255582,0.0,0.1260231008942872
2016-11-23 06:00:00,0.07267939934561694,0.0,0.14773684864636702
2016-11-23 07:00:00,0.12097876205968162,0.04590474167764315,0.19605278244172009
2016-11-23 08:00:00,0.1125106503394756,0.03742026149108996,0.18760103918786125
2016-11-23 09:00:00,0.1082008945564673,0.03309425149175382,0.18330753762118077
2016-11-23 10:00:00,0.06509311600117818,0.0,0.14021592383723797
2016-11-23 11:00:00,0.04801541949672673,0.0,0.1231543401867597
2016-11-23 12:00:00,0.047015704614192674,0.0,0.12217069742058231
2016-11-23 13:00:00,0.04940032472721774,0.0,0.12457136496252565
2016-11-23 14:00:00,0.0449610171683886,0.0,0.12014808519674032
2016-11-23 15:00:00,0.039515681421525825,0.0,0.11471876449754032
2016-11-23 16:00:00,0.03586641584352966,0.0,0.11108550350393596
2016-11-23 17:00:00,0.03500737320662249,0.0,0.110242457954761
2016-11-23 18:00:00,0.0303469286359388,0.0,0.10559800400614248
2016-11-23 19:00:00,0.027712227281449127,0.0,0.10297928809105267
2016-11-23 20:00:00,0.023865391288203242,0.0,0.09914843282191627
2016-11-23 21:00:00,0.021476048386684942,0.0,0.0967750664892049
2016-11-23 22:00:00,0.015585438705625712,0.0,0.09090042943311172
2016-11-23 23:00:00,0.008199291084556259,0.0,0.08353025072607678
2016-11-24 00:00:00,0.005182086880400032,0.0,0.08054003452815128
2016-11-24 01:00:00,0.0026779429093221323,0.0,0.07805922955054047
2016-11-24 02:00:00,0.002762676956409113,0.0,0.07816451568507628
2016-11-24 03:00:00,0.006899177008244772,0.0,0.08232013714454951
2016-11-24 04:00:00,0.020788095053209315,0.0,0.09622705942876265
2016-11-24 05:00:00,0.053287148873392406,0.0,0.12874351993295044
2016-11-24 06:00:00,0.07498406733645988,0.0,0.15045737556629848
2016-11-24 07:00:00,0.1232834300505398,0.047793443001918456,0.19877341709916113
2016-11-24 08:00:00,0.11481531833032568,0.039308855203844986,0.1903217814568064
2016-11-24 09:00:00,0.11050556254731456,0.034982737678334944,0.18602838741629418
2016-11-24 10:00:00,0.06739778399200994,0.0,0.1429368810848702
2016-11-24 11:00:00,0.0503200874875535,0.0,0.12587540483302856
2016-11-24 12:00:00,0.04932037260501823,0.0,0.12489186941762738
2016-11-24 13:00:00,0.05170499271804429,0.0,0.12729264427142037
2016-11-24 14:00:00,0.04726568515921283,0.0,0.12286947178143781
2016-11-24 15:00:00,0.04182034941234952,0.0,0.11744025832595836
2016-11-24 16:00:00,0.03817108383435174,0.0,0.11380710454535059
2016-11-24 17:00:00,0.037312041197444475,0.0,0.11296416618024066
2016-11-24 18:00:00,0.03265159662676037,0.0,0.10831981938743307
2016-11-24 19:00:00,0.030016895272272186,0.0,0.10570121060082846
2016-11-24 20:00:00,0.026170059279025788,0.0,0.10187046243328372
2016-11-24 21:00:00,0.023780716377508813,0.0,0.09949720317603826
2016-11-24 22:00:00,0.017890106696450477,0.0,0.09362267316978401
2016-11-24 23:00:00,0.010503959075380567,0.0,0.08625260148824848
2016-11-25 00:00:00,0.004302050077120203,0.0,0.08007778508400351
2016-11-25 01:00:00,0.0017979061060425163,0.0,0.07759708707000479
2016-11-25 02:00:00,0.0018826401531296555,0.0,0.07770248102469599
2016-11-25 03:00:00,0.006019140204965622,0.0,0.08185821034654525
2016-11-25 04:00:00,0.01990805824993112,0.0,0.09576524031839073
2016-11-25 05:00:00,0.05240711207011742,0.0,0.1282818083238158
2016-11-25 06:00:00,0.07410403053318682,0.0,0.14999577126627206
2016-11-25 07:00:00,0.12240339324727142,0.04649486651977687,0.198311919974766
2016-11-25 08:00:00,0.11393528152705484,0.03801017166385959,0.1898603913902501
2016-11-25 09:00:00,0.10962552574404283,0.03368394716110114,0.18556710432698453
2016-11-25 10:00:00,0.06651774718873343,0.0,0.14247570490294026
2016-11-25 11:00:00,0.04944005068427547,0.0,0.125414335506871
2016-11-25 12:00:00,0.04844033580173983,0.0,0.12443090690121482
2016-11-25 13:00:00,0.05082495591476619,0.0,0.12683178852701735
2016-11-25 14:00:00,0.046385648355934006,0.0,0.12240872277398884
2016-11-25 15:00:00,0.04094031260907055,0.0,0.11697961602409206
2016-11-25 16:00:00,0.03729104703107227,0.0,0.11334656891896314
2016-11-25 17:00:00,0.036432004394164975,0.0,0.1125037372008987
2016-11-25 18:00:00,0.03177155982348075,0.0,0.10785949702733938
2016-11-25 19:00:00,0.02913685846899302,0.0,0.10524099483305902
2016-11-25 20:00:00,0.025290022475746462,0.0,0.10141035323132873
2016-11-25 21:00:00,0.022900679574229893,0.0,0.09903720051412554
2016-11-25 22:00:00,0.01701006989317183,0.0,0.0931627770226291
2016-11-25 23:00:00,0.009623922272101782,0.0,0.08579281183183278
2016-11-26 00:00:00,0.0008680783220508104,0.0,0.07706416418487488
2016-11-26 01:00:00,0.0,0.0,0.07458357235259441
2016-11-26 02:00:00,0.0,0.0,0.07468907342992956
2016-11-26 03:00:00,0.0025851684498964375,0.0,0.07884490996430447
2016-11-26 04:00:00,0.01647408649486223,0.0,0.0927520470133881
2016-11-26 05:00:00,0.04897314031504951,0.0,0.1252687219317501
2016-11-26 06:00:00,0.07067005877811952,0.0,0.14698279161285147
2016-11-26 07:00:00,0.11896942149220557,0.04263979604781051,0.19529904693660063
2016-11-26 08:00:00,0.11050130977198823,0.0341549946863831,0.18684762485759338
2016-11-26 09:00:00,0.10619155398897595,0.029828663754048357,0.18255444422390354
2016-11-26 10:00:00,0.06308377543366508,0.0,0.13946315116327704
2016-11-26 11:00:00,0.04600607892920666,0.0,0.12240188808126058
2016-11-26 12:00:00,0.0450063640466709,0.0,0.12141856574543547
2016-11-26 13:00:00,0.04739098415969737,0.0,0.12381955360450958
2016-11-26 14:00:00,0.04295167660086497,0.0,0.11939659405067471
2016-11-26 15:00:00,0.03750634085400146,0.0,0.1139675934693049
2016-11-26 16:00:00,0.033857075276003026,0.0,0.11033465250321381
2016-11-26 17:00:00,0.032998032639095724,0.0,0.10949192689625001
2016-11-26 18:00:00,0.028337588068411457,0.0,0.104847792806449
2016-11-26 19:00:00,0.02570288671392387,0.0,0.10222939666940471
2016-11-26 20:00:00,0.02185605072067726,0.0,0.09839886109878289
2016-11-26 21:00:00,0.019466707819160815,0.0,0.09602581438727059
2016-11-26 22:00:00,0.013576098138102843,0.0,0.09015149687652296
2016-11-26 23:00:00,0.006189950517032745,0.0,0.08278163764277764
2016-11-27 00:00:00,0.0,0.0,0.07405309283521201
2016-11-27 01:00:00,0.0,0.0,0.07157260640927486
2016-11-27 02:00:00,0.0,0.0,0.07167821391627491
2016-11-27 03:00:00,0.0,0.0,0.0758341570168076
2016-11-27 04:00:00,0.013040114739793334,0.0,0.08974140053538292
2016-11-27 05:00:00,0.045539168559980914,0.0,0.12225818178057839
2016-11-27 06:00:00,0.0672360870230511,0.0,0.14397235763170063
2016-11-27 07:00:00,0.11553544973713759,0.038782180462302834,0.19228871901197234
2016-11-27 08:00:00,0.10706733801692,0.030297273146210862,0.18383740288762915
2016-11-27 09:00:00,0.10275758223390764,0.025970836330570526,0.17954432813724475
2016-11-27 10:00:00,0.05964980367859633,0.0,0.1364531408974061
2016-11-27 11:00:00,0.042572107174137765,0.0,0.11939198358901879
2016-11-27 12:00:00,0.04157239229160197,0.0,0.11840876698437858
2016-11-27 13:00:00,0.04395701240462846,0.0,0.12080986053923806
2016-11-27 14:00:00,0.03951770484579599,0.0,0.11638700664807541
2016-11-27 15:00:00,0.034072369098932465,0.0,0.11095811169940921
2016-11-27 16:00:00,0.030423103520933983,0.0,0.10732527633714185
2016-11-27 17:00:00,0.02956406088402668,0.0,0.10648265630655818
2016-11-27 18:00:00,0.024903616313342397,0.0,0.10183862776624775
2016-11-27 19:00:00,0.02226891495885485,0.0,0.09922033715257284
2016-11-27 20:00:00,0.018422078965608234,0.0,0.09538990707957412
2016-11-27 21:00:00,0.01603273606409182,0.0,0.09301696584062188
2016-11-27 22:00:00,0.010142126383033873,0.0,0.08714275377783463
2016-11-27 23:00:00,0.0027559787619637665,0.0,0.07977299996867272
2016-11-28 00:00:00,0.0,0.0,0.0735984920916579
2016-11-28 01:00:00,0.0,0.0,0.07111811030327977
2016-11-28 02:00:00,0.0,0.0,0.0712238235515992
2016-11-28 03:00:00,0.0,0.0,0.07537987257552016
2016-11-28 04:00:00,0.012160077936514958,0.0,0.08928722195861528
2016-11-28 05:00:00,0.044659131756702636,0.0,0.12180410894686955
2016-11-28 06:00:00,0.06635605021977287,0.0,0.14351839040136388
2016-11-28 07:00:00,0.1146554129338595,0.037475968586511935,0.19183485728120708
2016-11-28 08:00:00,0.10618730121364184,0.028990955864972245,0.18338364656231143
2016-11-28 09:00:00,0.10187754543062946,0.024664413710753647,0.17909067715050528
2016-11-28 10:00:00,0.05876976687531801,0.0,0.13599959519030103
2016-11-28 11:00:00,0.041692070370859376,0.0,0.11893854311655896
2016-11-28 12:00:00,0.040692355488323576,0.0,0.1179554317058689
2016-11-28 13:00:00,0.04307697560135007,0.0,0.12035663042042276
2016-11-28 14:00:00,0.03863766804251758,0.0,0.11593388165679358
2016-11-28 15:00:00,0.03319233229565405,0.0,0.11050509180638327
2016-11-28 16:00:00,0.029543066717655553,0.0,0.10687236151409595
2016-11-28 17:00:00,0.028684024080748244,0.0,0.10602984652653932
2016-11-28 18:00:00,0.02402357951006396,0.0,0.10138592300281699
2016-11-28 19:00:00,0.02138887815557643,0.0,0.09876773738000881
2016-11-28 20:00:00,0.017542042162329803,0.0,0.09493741227251101
2016-11-28 21:00:00,0.015152699260813408,0.0,0.09256457597435096
2016-11-28 22:00:00,0.009262089579755472,0.0,0.08669046882809839
2016-11-28 23:00:00,0.0018759419586853576,0.0,0.07932081991241509
2016-11-29 00:00:00,0.0,0.0,0.07633111795671041
2016-11-29 01:00:00,0.0,0.0,0.07385084004376245
2016-11-29 02:00:00,0.0,0.0,0.07395665834978385
2016-11-29 03:00:00,0.0005758278823746275,0.0,0.07811281265803123
2016-11-29 04:00:00,0.014464745927340546,0.0,0.0920202673035693
2016-11-29 05:00:00,0.04696379974752825,0.0,0.12453725945356243
2016-11-29 06:00:00,0.06866071821059852,0.0,0.14625164594688628
2016-11-29 07:00:00,0.11696008092468518,0.0393519440781063,0.19456821777126407
2016-11-29 08:00:00,0.10849196920446752,0.030866826498572295,0.18611711191036273
2016-11-29 09:00:00,0.10418221342145512,0.0265401795488234,0.18182424729408683
2016-11-29 10:00:00,0.06107443486614363,0.0,0.13873327007397732
2016-11-29 11:00:00,0.043996738361684974,0.0,0.1216723226974735
2016-11-29 12:00:00,0.042997023479149174,0.0,0.12068931594504724
2016-11-29 13:00:00,0.04538164359217567,0.0,0.12309061928473673
2016-11-29 14:00:00,0.04094233603334318,0.0,0.11866797511502211
2016-11-29 15:00:00,0.035497000286479646,0.0,0.1132392898299328
2016-11-29 16:00:00,0.031847734708481144,0.0,0.10960666407528913
2016-11-29 17:00:00,0.030988692071573846,0.0,0.10876425359891066
2016-11-29 18:00:00,0.02632824750088956,0.0,0.1041204345603758
2016-11-29 19:00:00,0.023693546146402036,0.0,0.10150235339743233
2016-11-29 20:00:00,0.01984671015315541,0.0,0.09767213272481269
2016-11-29 21:00:00,0.01745736725163902,0.0,0.09529940083717595
2016-11-29 22:00:00,0.01156675757058108,0.0,0.08942539807753103
2016-11-29 23:00:00,0.004180609949510968,0.0,0.08205585352572003
2016-11-30 00:00:00,0.002580732715672862,0.0,0.08048357882508192
2016-11-30 01:00:00,7.658874459526917e-05,0.0,0.07800340403214905
2016-11-30 02:00:00,0.0001613227916824791,0.0,0.07810932671707119
2016-11-30 03:00:00,0.004297822843518581,0.0,0.08226558567439354
2016-11-30 04:00:00,0.018186740888484505,0.0,0.09617314498330676
2016-11-30 05:00:00,0.05068579470867221,0.0,0.1286902417162936
2016-11-30 06:00:00,0.07238271317174248,0.0,0.15040473268613508
2016-11-30 07:00:00,0.12068207588582916,0.042642742869606634,0.1987214089020517
2016-11-30 08:00:00,0.1122139641656115,0.03415752097763945,0.19027040735358353
2016-11-30 09:00:00,0.10790420838259909,0.02983076977359926,0.1859776469915989
2016-11-30 10:00:00,0.06479642982728759,0.0,0.14288677397378854
2016-11-30 11:00:00,0.04771873332282896,0.0,0.12582593075882365
2016-11-30 12:00:00,0.046719018440293164,0.0,0.12484302813065429
2016-11-30 13:00:00,0.04910363855331966,0.0,0.1272444355625839
2016-11-30 14:00:00,0.04466433099448716,0.0,0.12282189545481577
2016-11-30 15:00:00,0.039218995247623636,0.0,0.11739331420375612
2016-11-30 16:00:00,0.03556972966962514,0.0,0.11376079245605782
2016-11-30 17:00:00,0.03471068703271782,0.0,0.11291848596064348
2016-11-30 18:00:00,0.030050242462033538,0.0,0.10827477087752778
2016-11-30 19:00:00,0.027415541107546012,0.0,0.10565679364507777
2016-11-30 20:00:00,0.023568705114299385,0.0,0.10182667687834333
2016-11-30 21:00:00,0.021179362212782993,0.0,0.09945404887258996
2016-11-30 22:00:00,0.015288752531725056,0.0,0.09358014997125408
2016-11-30 23:00:00,0.007902604910654941,0.0,0.08621070925533736
