datetime,ucm_full_forecast,ucm_full_lower,ucm_full_upper
2016-12-01 00:00:00,0.0019682924859129557,0.0,0.05333616729797909
2016-12-01 01:00:00,0.0,0.0,0.07134213347892852
2016-12-01 02:00:00,0.0004161692509968458,0.0,0.087650324494007
2016-12-01 03:00:00,0.005520054917001023,0.0,0.10600769501615873
2016-12-01 04:00:00,0.01959092173718511,0.0,0.13178197853410256
2016-12-01 05:00:00,0.05061226379779697,0.0,0.17340043815585185
2016-12-01 06:00:00,0.06505458276624712,0.0,0.19759893987386562
2016-12-01 07:00:00,0.13488481823204768,0.0,0.27651808109745063
2016-12-01 08:00:00,0.10446644442067865,0.0,0.2546423453274107
2016-12-01 09:00:00,0.10873336670275977,0.0,0.26699396943071074
2016-12-01 10:00:00,0.06687330583816409,0.0,0.23282750593057447
2016-12-01 11:00:00,0.04536543617224148,0.0,0.2186741594531853
2016-12-01 12:00:00,0.04631448351158716,0.0,0.22668011867389082
2016-12-01 13:00:00,0.048707928647508426,0.0,0.23586655391390793
2016-12-01 14:00:00,0.04392328823102708,0.0,0.23763880815606797
2016-12-01 15:00:00,0.038106889119490575,0.0,0.23816651621384993
2016-12-01 16:00:00,0.03558864639948168,0.0,0.2417993531984465
2016-12-01 17:00:00,0.03283676367146611,0.0,0.24502244979560006
2016-12-01 18:00:00,0.02935933065504888,0.0,0.247358526080654
2016-12-01 19:00:00,0.02688455744695514,0.0,0.25054853423272777
2016-12-01 20:00:00,0.02235237683340753,0.0,0.25154357608002526
2016-12-01 21:00:00,0.019866319068249698,0.0,0.2544569895957962
2016-12-01 22:00:00,0.014187032822043755,0.0,0.2540555703080164
2016-12-01 23:00:00,0.007204781983472255,0.0,0.25207100602302607
2016-12-02 00:00:00,0.002360446496755382,0.0,0.2524714079592709
2016-12-02 01:00:00,0.00015925646697321008,0.0,0.2552343870411158
2016-12-02 02:00:00,0.0008083232618392479,0.0,0.260757643543951
2016-12-02 03:00:00,0.005912208927843453,0.0,0.2706481837608402
2016-12-02 04:00:00,0.019983075748027542,0.0,0.289422731438099
2016-12-02 05:00:00,0.051004417808639436,0.0,0.32506893510465124
2016-12-02 06:00:00,0.06544673677708952,0.0,0.34406110119249056
2016-12-02 07:00:00,0.13527697224289012,0.0,0.418369671690183
2016-12-02 08:00:00,0.10485859843152105,0.0,0.39236136099598456
2016-12-02 09:00:00,0.1091255207136022,0.0,0.4009730861452503
2016-12-02 10:00:00,0.06726545984900653,0.0,0.3633953791609289
2016-12-02 11:00:00,0.04575759018308395,0.0,0.3461100485810581
2016-12-02 12:00:00,0.04670663752242956,0.0,0.3512242966765354
2016-12-02 13:00:00,0.04910008265835087,0.0,0.3577279389812107
2016-12-02 14:00:00,0.04431544224186951,0.0,0.35700069830943426
2016-12-02 15:00:00,0.038499043130333005,0.0,0.35519098967002405
2016-12-02 16:00:00,0.03598080041032411,0.0,0.35663070644059347
2016-12-02 17:00:00,0.033228917682308554,0.0,0.3577899265072375
2016-12-02 18:00:00,0.029751484665891316,0.0,0.35817851360892705
2016-12-02 19:00:00,0.027276711457797576,0.0,0.35952635353863965
2016-12-02 20:00:00,0.022744530844249967,0.0,0.358774956779411
2016-12-02 21:00:00,0.020258473079092135,0.0,0.3600293083652108
2016-12-02 22:00:00,0.01457918683288617,0.0,0.3580496355776447
2016-12-02 23:00:00,0.007596935994314713,0.0,0.3546094872461001
2016-12-03 00:00:00,0.0032148830067370016,0.0,0.35398226981086084
2016-12-03 01:00:00,0.0010136929769548678,0.0,0.35537114156227007
2016-12-03 02:00:00,0.0016627597718208518,0.0,0.35957776670302255
2016-12-03 03:00:00,0.006766645437825102,0.0,0.3682058084575501
2016-12-03 04:00:00,0.020837512258009165,0.0,0.38576831989883487
2016-12-03 05:00:00,0.0518588543186211,0.0,0.4202496316615356
2016-12-03 06:00:00,0.06630117328707114,0.0,0.4381210391717706
2016-12-03 07:00:00,0.13613140875287177,0.0,0.5113502419682174
2016-12-03 08:00:00,0.10571303494150269,0.0,0.484301448100445
2016-12-03 09:00:00,0.10997995722358384,0.0,0.4919092768446192
2016-12-03 10:00:00,0.06811989635898813,0.0,0.4533621476744217
2016-12-03 11:00:00,0.04661202669306561,0.0,0.435139921840827
2016-12-03 12:00:00,0.047561074032411166,0.0,0.4393480024845754
2016-12-03 13:00:00,0.049954519168332524,0.0,0.44497453942509385
2016-12-03 14:00:00,0.04516987875185112,0.0,0.4433977104272681
2016-12-03 15:00:00,0.039353479640314645,0.0,0.44076449506963994
2016-12-03 16:00:00,0.036835236920305714,0.0,0.4414054513567304
2016-12-03 17:00:00,0.034083354192290236,0.0,0.44178941359593327
2016-12-03 18:00:00,0.030605921175872915,0.0,0.44142508660547686
2016-12-03 19:00:00,0.028131147967779217,0.0,0.44204127572758645
2016-12-03 20:00:00,0.023598967354231594,0.0,0.44057848409646067
2016-12-03 21:00:00,0.021112909589073796,0.0,0.4411407622942568
2016-12-03 22:00:00,0.015433623342867776,0.0,0.4384877943530498
2016-12-03 23:00:00,0.00845137250429636,0.0,0.4344137090768626
2016-12-04 00:00:00,0.003869511471517057,0.0,0.4329243966395686
2016-12-04 01:00:00,0.0016683214417349858,0.0,0.43369061088539557
2016-12-04 02:00:00,0.002317388236600911,0.0,0.4372897358336002
2016-12-04 03:00:00,0.007421273902605185,0.0,0.44532514293364817
2016-12-04 04:00:00,0.021492140722789207,0.0,0.4623093003990032
2016-12-04 05:00:00,0.05251348278340123,0.0,0.4962259881884653
2016-12-04 06:00:00,0.06695580175185119,0.0,0.5135459813837127
2016-12-04 07:00:00,0.13678603721765187,0.0,0.5862364863509046
2016-12-04 08:00:00,0.10636766340628273,0.0,0.5586612424232351
2016-12-04 09:00:00,0.11063458568836393,0.0,0.565754422333645
2016-12-04 10:00:00,0.06877452482376822,0.0,0.5267040192962231
2016-12-04 11:00:00,0.047266655157845686,0.0,0.5079894870327077
2016-12-04 12:00:00,0.04821570249719124,0.0,0.511715838607364
2016-12-04 13:00:00,0.05060914763311262,0.0,0.5168708501629534
2016-12-04 14:00:00,0.0458245072166312,0.0,0.514832341325208
2016-12-04 15:00:00,0.04000810810509473,0.0,0.5117469483828876
2016-12-04 16:00:00,0.03748986538508579,0.0,0.5119449003810937
2016-12-04 17:00:00,0.03473798265707032,0.0,0.5118947166446937
2016-12-04 18:00:00,0.031260549640652995,0.0,0.5111048007855253
2016-12-04 19:00:00,0.028785776432559296,0.0,0.511303670637837
2016-12-04 20:00:00,0.024253595819011667,0.0,0.5094315555576486
2016-12-04 21:00:00,0.02176753805385389,0.0,0.5095922488144471
2016-12-04 22:00:00,0.016088251807647863,0.0,0.5065453842249585
2016-12-04 23:00:00,0.00910600096907644,0.0,0.5020975913136208
2016-12-05 00:00:00,0.003812700880132927,0.0,0.4995032633140213
2016-12-05 01:00:00,0.001611510850350873,0.0,0.4998967002559275
2016-12-05 02:00:00,0.002260577645216805,0.0,0.5031294808488115
2016-12-05 03:00:00,0.007364463311221069,0.0,0.5108049884315594
2016-12-05 04:00:00,0.02143533013140509,0.0,0.5274355138033429
2016-12-05 05:00:00,0.05245667219201712,0.0,0.5610046675907354
2016-12-05 06:00:00,0.06689899116046706,0.0,0.5779830623353543
2016-12-05 07:00:00,0.13672922662626777,0.0,0.6503377476604693
2016-12-05 08:00:00,0.1063108528148986,0.0,0.6224323111231779
2016-12-05 09:00:00,0.11057777509697983,0.0,0.6292007779928148
2016-12-05 10:00:00,0.06871771423238408,0.0,0.5898309978455741
2016-12-05 11:00:00,0.0472098445664616,0.0,0.5708022842492999
2016-12-05 12:00:00,0.04815889190580712,0.0,0.5742195133744654
2016-12-05 13:00:00,0.050552337041728485,0.0,0.5790703276005716
2016-12-05 14:00:00,0.04576769662524707,0.0,0.5767324158710492
2016-12-05 15:00:00,0.039951297513710626,0.0,0.5733522868995534
2016-12-05 16:00:00,0.037433054793701674,0.0,0.5732600453678969
2016-12-05 17:00:00,0.03468117206568619,0.0,0.5729240896355455
2016-12-05 18:00:00,0.031203739049268875,0.0,0.5718527060108858
2016-12-05 19:00:00,0.02872896584117519,0.0,0.5717742990133768
2016-12-05 20:00:00,0.02419678522762754,0.0,0.5696289890565263
2016-12-05 21:00:00,0.021710727462469763,0.0,0.5695204670358077
2016-12-05 22:00:00,0.01603144121626375,0.0,0.5662084006297016
2016-12-05 23:00:00,0.009049190377692334,0.0,0.5615079985809049
2016-12-06 00:00:00,0.0030685483416256,0.0,0.5579590901267153
2016-12-06 01:00:00,0.0008673583118435427,0.0,0.5580984160438356
2016-12-06 02:00:00,0.001516425106709492,0.0,0.5610804816474564
2016-12-06 03:00:00,0.006620310772713747,0.0,0.5685087304313212
2016-12-06 04:00:00,0.020691177592897767,0.0,0.584895381155108
2016-12-06 05:00:00,0.0517125196535098,0.0,0.6182239753750661
2016-12-06 06:00:00,0.06615483862195974,0.0,0.6349650588013667
2016-12-06 07:00:00,0.13598507408776045,0.0,0.7070856159162979
2016-12-06 08:00:00,0.10556670027639127,0.0,0.6789491703745806
2016-12-06 09:00:00,0.10983362255847251,0.0,0.6854896844382876
2016-12-06 10:00:00,0.0679735616938768,0.0,0.6458949453338538
2016-12-06 11:00:00,0.04646569202795426,0.0,0.6266442047922974
2016-12-06 12:00:00,0.04741473936729978,0.0,0.6298422775918419
2016-12-06 13:00:00,0.049808184503221206,0.0,0.6344767451574086
2016-12-06 14:00:00,0.04502354408673974,0.0,0.6319252359614196
2016-12-06 15:00:00,0.03920714497520329,0.0,0.628334198827147
2016-12-06 16:00:00,0.03668890225519434,0.0,0.6280336792779845
2016-12-06 17:00:00,0.03393701952717891,0.0,0.6274920174560779
2016-12-06 18:00:00,0.030459586510761548,0.0,0.6262174426593052
2016-12-06 19:00:00,0.027984813302667857,0.0,0.6259383039157483
2016-12-06 20:00:00,0.023452632689120213,0.0,0.6235946680223262
2016-12-06 21:00:00,0.020966574923962485,0.0,0.623290175819008
2016-12-06 22:00:00,0.015287288677756417,0.0,0.6197845438568986
2016-12-06 23:00:00,0.008305037839185,0.0,0.6148993241045314
2016-12-07 00:00:00,0.002178733470440373,0.0,0.6110086519492708
2016-12-07 01:00:00,0.0,0.0,0.6109610619216598
2016-12-07 02:00:00,0.000626610235524282,0.0,0.6137582476680822
2016-12-07 03:00:00,0.005730495901528523,0.0,0.6210037165687089
2016-12-07 04:00:00,0.019801362721712543,0.0,0.6372096528405742
2016-12-07 05:00:00,0.05082270478232462,0.0,0.6703595649373417
2016-12-07 06:00:00,0.06526502375077452,0.0,0.6869239664017708
2016-12-07 07:00:00,0.13509525921657525,0.0,0.7588698101070411
2016-12-07 08:00:00,0.10467688540520606,0.0,0.7305605883466263
2016-12-07 09:00:00,0.10894380768728727,0.0,0.7369302320355146
2016-12-07 10:00:00,0.06708374682269161,0.0,0.6971664969097439
2016-12-07 11:00:00,0.045575877156769036,0.0,0.6777486029768883
2016-12-07 12:00:00,0.04652492449611457,0.0,0.6807813330249278
2016-12-07 13:00:00,0.04891836963203601,0.0,0.6852522362335731
2016-12-07 14:00:00,0.04413372921555452,0.0,0.6825389086265418
2016-12-07 15:00:00,0.038317330104018076,0.0,0.6787877664653336
2016-12-07 16:00:00,0.03579908738400913,0.0,0.6783288227308325
2016-12-07 17:00:00,0.033047204655993714,0.0,0.6776303852194568
2016-12-07 18:00:00,0.02956977163957633,0.0,0.6762006513025498
2016-12-07 19:00:00,0.027094998431482633,0.0,0.6757679387610968
2016-12-07 20:00:00,0.022562817817935003,0.0,0.6732722841204007
2016-12-07 21:00:00,0.02007676005277728,0.0,0.6728173002513663
2016-12-07 22:00:00,0.0143974738065712,0.0,0.669162751907745
2016-12-07 23:00:00,0.007415222967999784,0.0,0.6641351209264734
2016-12-08 00:00:00,0.0017946225884991375,0.0,0.66059871989056
2016-12-08 01:00:00,0.0,0.0,0.6604065608806897
2016-12-08 02:00:00,0.0002424993535830311,0.0,0.663060505038661
2016-12-08 03:00:00,0.005346385019587274,0.0,0.6701641181039163
2016-12-08 04:00:00,0.0194172518397713,0.0,0.6862295658873688
2016-12-08 05:00:00,0.05043859390038341,0.0,0.7192403392807222
2016-12-08 06:00:00,0.06488091286883324,0.0,0.735666934726562
2016-12-08 07:00:00,0.13471114833463402,0.0,0.8074762881739334
2016-12-08 08:00:00,0.10429277452326483,0.0,0.7790318749319681
2016-12-08 09:00:00,0.10855969680534602,0.0,0.785267608693162
2016-12-08 10:00:00,0.06669963594075036,0.0,0.7453712276135309
2016-12-08 11:00:00,0.04519176627482779,0.0,0.7258219336961685
2016-12-08 12:00:00,0.04614081361417331,0.0,0.7287244912768381
2016-12-08 13:00:00,0.04853425875009477,0.0,0.7330664306478231
2016-12-08 14:00:00,0.0437496183336133,0.0,0.7302253285541611
2016-12-08 15:00:00,0.03793321922207684,0.0,0.7263475816625603
2016-12-08 16:00:00,0.03541497650206787,0.0,0.7257631831519932
2016-12-08 17:00:00,0.03266309377405248,0.0,0.7249404209556607
2016-12-08 18:00:00,0.029185660757635103,0.0,0.7233874727031692
2016-12-08 19:00:00,0.02671088754954139,0.0,0.7228326367697474
2016-12-08 20:00:00,0.022178706935993733,0.0,0.72021593085583
2016-12-08 21:00:00,0.019692649170836053,0.0,0.7196409506623933
2016-12-08 22:00:00,0.014013362924629964,0.0,0.7158675047885779
2016-12-08 23:00:00,0.007031112086058548,0.0,0.7107260457146695
2016-12-09 00:00:00,0.0021867765993415465,0.0,0.7078446656946694
2016-12-09 01:00:00,0.0,0.0,0.7075366306233785
2016-12-09 02:00:00,0.0006346533644254714,0.0,0.7100756170886604
2016-12-09 03:00:00,0.005738539030429714,0.0,0.7170652422582107
2016-12-09 04:00:00,0.019809405850613707,0.0,0.7330176614184429
2016-12-09 05:00:00,0.05083074791122586,0.0,0.7659163555007642
2016-12-09 06:00:00,0.06527306687967567,0.0,0.7822318112468981
2016-12-09 07:00:00,0.13510330234547646,0.0,0.8539309549360043
2016-12-09 08:00:00,0.10468492853410723,0.0,0.8253772520486142
2016-12-09 09:00:00,0.10895185081618848,0.0,0.8315046061465227
2016-12-09 10:00:00,0.06709178995159279,0.0,0.7915007448564478
2016-12-09 11:00:00,0.045583920285670224,0.0,0.7718448591993118
2016-12-09 12:00:00,0.04653296762501575,0.0,0.7746417020568659
2016-12-09 13:00:00,0.04892641276093719,0.0,0.7788787918056965
2016-12-09 14:00:00,0.04414177234445575,0.0,0.7759336928493518
2016-12-09 15:00:00,0.03832537323291926,0.0,0.7719527891488674
2016-12-09 16:00:00,0.03580713051291029,0.0,0.771266060903079
2016-12-09 17:00:00,0.033055247784894916,0.0,0.770341782911076
2016-12-09 18:00:00,0.029577814768477546,0.0,0.7686881196660309
2016-12-09 19:00:00,0.02710304156038384,0.0,0.7680333565831627
2016-12-09 20:00:00,0.022570860946836156,0.0,0.7653174987843222
2016-12-09 21:00:00,0.020084803181678497,0.0,0.7646441306636965
2016-12-09 22:00:00,0.014405516935472408,0.0,0.7607730998139911
2016-12-09 23:00:00,0.007423266096900971,0.0,0.7555381436180726
2016-12-10 00:00:00,0.00304121310932318,0.0,0.753019318933222
2016-12-10 01:00:00,0.0008400230795412092,0.0,0.7526158966689696
2016-12-10 02:00:00,0.0014890898744071134,0.0,0.7550601601712988
2016-12-10 03:00:00,0.006592975540411349,0.0,0.7619557716149256
2016-12-10 04:00:00,0.020663842360595326,0.0,0.7778148799746705
2016-12-10 05:00:00,0.051685184421207495,0.0,0.8106209602832133
2016-12-10 06:00:00,0.06612750338965734,0.0,0.8268444935453052
2016-12-10 07:00:00,0.13595773885545812,0.0,0.8984524002760124
2016-12-10 08:00:00,0.10553936504408887,0.0,0.869808140007213
2016-12-10 09:00:00,0.10980628732617011,0.0,0.8758456100480092
2016-12-10 10:00:00,0.06794622646157442,0.0,0.8357525313875579
2016-12-10 11:00:00,0.046438356795651864,0.0,0.8160080879784722
2016-12-10 12:00:00,0.04738740413499737,0.0,0.8187170251868843
2016-12-10 13:00:00,0.04978084927091883,0.0,0.8228668534341721
2016-12-10 14:00:00,0.044996208854437385,0.0,0.8198351287583641
2016-12-10 15:00:00,0.0391798097429009,0.0,0.8157682263956156
2016-12-10 16:00:00,0.03666156702289192,0.0,0.8149961175352671
2016-12-10 17:00:00,0.033909684294876556,0.0,0.813987067783257
2016-12-10 18:00:00,0.030432251278459173,0.0,0.8122492323836146
2016-12-10 19:00:00,0.027957478070365475,0.0,0.8115108875975822
2016-12-10 20:00:00,0.023425297456817783,0.0,0.8087120296623016
2016-12-10 21:00:00,0.020939239691660137,0.0,0.8079562351093047
2016-12-10 22:00:00,0.01525995344545402,0.0,0.8040033860562946
2016-12-10 23:00:00,0.008277702606882618,0.0,0.7986899947400505
2016-12-11 00:00:00,0.003695841574103246,0.0,0.7958876005939532
2016-12-11 01:00:00,0.001494651544321296,0.0,0.7954040161382663
2016-12-11 02:00:00,0.0021437183391872,0.0,0.7977686147033172
2016-12-11 03:00:00,0.007247604005191422,0.0,0.8045850979486242
2016-12-11 04:00:00,0.021318470825375396,0.0,0.8203656109455306
2016-12-11 05:00:00,0.0523398128859876,0.0,0.8530936251449597
2016-12-11 06:00:00,0.0667821318544374,0.0,0.869239618079746
2016-12-11 07:00:00,0.13661236732023815,0.0,0.9407705067430107
2016-12-11 08:00:00,0.10619399350886893,0.0,0.9120497469609528
2016-12-11 09:00:00,0.11046091579095021,0.0,0.9180112320514221
2016-12-11 10:00:00,0.06860085492635448,0.0,0.8778426786574949
2016-12-11 11:00:00,0.047092985260431944,0.0,0.8580232659911599
2016-12-11 12:00:00,0.04804203259977743,0.0,0.8606577342685137
2016-12-11 13:00:00,0.050435477735698925,0.0,0.8647335883572439
2016-12-11 14:00:00,0.04565083731921748,0.0,0.8616283783621789
2016-12-11 15:00:00,0.03983443820768097,0.0,0.857488473249462
2016-12-11 16:00:00,0.03731619548767199,0.0,0.8566438376647875
2016-12-11 17:00:00,0.03456431275965665,0.0,0.8555627304826322
2016-12-11 18:00:00,0.031086879743239253,0.0,0.853753300136785
2016-12-11 19:00:00,0.02861210653514554,0.0,0.8529438161291092
2016-12-11 20:00:00,0.024079925921597856,0.0,0.8500742681381392
2016-12-11 21:00:00,0.021593868156440245,0.0,0.8492482269844074
2016-12-11 22:00:00,0.015914581910234094,0.0,0.8452256054199898
2016-12-11 23:00:00,0.008932331071662698,0.0,0.8398452991335652
2016-12-12 00:00:00,0.0036390309827191193,0.0,0.8362599315686635
2016-12-12 01:00:00,0.0014378409529371902,0.0,0.8357078579719369
2016-12-12 02:00:00,0.002086907747803091,0.0,0.8380043500271539
2016-12-12 03:00:00,0.007190793413807313,0.0,0.8447531442314358
2016-12-12 04:00:00,0.02126166023399125,0.0,0.8604663832016848
2016-12-12 05:00:00,0.05228300229460353,0.0,0.8931275361963993
2016-12-12 06:00:00,0.06672532126305324,0.0,0.9092070786359573
2016-12-12 07:00:00,0.13655555672885406,0.0,0.9806719253432472
2016-12-12 08:00:00,0.10613718291748482,0.0,0.9518855298009448
2016-12-12 09:00:00,0.11040410519956609,0.0,0.957781782721823
2016-12-12 10:00:00,0.06854404433497038,0.0,0.9175483978220216
2016-12-12 11:00:00,0.04703617466904784,0.0,0.8976645510298259
2016-12-12 12:00:00,0.047985222008393294,0.0,0.9002349789073422
2016-12-12 13:00:00,0.050378667144314805,0.0,0.9042471823022594
2016-12-12 14:00:00,0.045594026727833366,0.0,0.9010787069535738
2016-12-12 15:00:00,0.03977762761629688,0.0,0.8968759171520482
2016-12-12 16:00:00,0.03725938489628786,0.0,0.8959687726125709
2016-12-12 17:00:00,0.034507502168272516,0.0,0.8948255270973192
2016-12-12 18:00:00,0.031030069151855147,0.0,0.8929543238406293
2016-12-12 19:00:00,0.028555295943761428,0.0,0.8920834271703522
2016-12-12 20:00:00,0.024023115330213736,0.0,0.8891528217471131
2016-12-12 21:00:00,0.02153705756505611,0.0,0.8882660740929539
2016-12-12 22:00:00,0.015857771318849995,0.0,0.8841831242683742
2016-12-12 23:00:00,0.008875520480278586,0.0,0.8787449433835124
2016-12-13 00:00:00,0.0028948784442117993,0.0,0.8744103048336416
2016-12-13 01:00:00,0.0006936884144298563,0.0,0.8737989206463191
2016-12-13 02:00:00,0.001342755209295778,0.0,0.8760364032281056
2016-12-13 03:00:00,0.006446640875299984,0.0,0.8827265200176752
2016-12-13 04:00:00,0.020517507695483942,0.0,0.8983814120850628
2016-12-13 05:00:00,0.0515388497560962,0.0,0.9309845473621567
2016-12-13 06:00:00,0.06598116872454593,0.0,0.9470064000043011
2016-12-13 07:00:00,0.1358114041903467,0.0,1.0184138835105678
2016-12-13 08:00:00,0.10539303037897751,0.0,0.989570449879874
2016-12-13 09:00:00,0.1096599526610588,0.0,0.9954099881037914
2016-12-13 10:00:00,0.06779989179646306,0.0,0.9551202098866527
2016-12-13 11:00:00,0.0462920221305405,0.0,0.9351802888232998
2016-12-13 12:00:00,0.04724106946988598,0.0,0.937694958808393
2016-12-13 13:00:00,0.049634514605807464,0.0,0.9416517176913439
2016-12-13 14:00:00,0.04484987418932606,0.0,0.9384281078991312
2016-12-13 15:00:00,0.03903347507778954,0.0,0.9341704901279863
2016-12-13 16:00:00,0.03651523235778057,0.0,0.9332088202626901
2016-12-13 17:00:00,0.03376334962976517,0.0,0.9320113480641783
2016-12-13 18:00:00,0.030285916613347855,0.0,0.9300862126769678
2016-12-13 19:00:00,0.02781114340525408,0.0,0.9291616743493828
2016-12-13 20:00:00,0.023278962791706444,0.0,0.9261777137879186
2016-12-13 21:00:00,0.02079290502654877,0.0,0.9252378941820305
2016-12-13 22:00:00,0.015113618780342682,0.0,0.921102180068991
2016-12-13 23:00:00,0.008131367941771252,0.0,0.9156133704628653
2016-12-14 00:00:00,0.002005063573026617,0.0,0.9110788461695543
2016-12-14 01:00:00,0.0,0.0,0.9104155202237666
2016-12-14 02:00:00,0.00045294033811058183,0.0,0.9126013024843289
2016-12-14 03:00:00,0.0055568260041147744,0.0,0.9192399880546452
2016-12-14 04:00:00,0.01962769282429876,0.0,0.9348437170445306
2016-12-14 05:00:00,0.050649034884910946,0.0,0.9673959566151754
2016-12-14 06:00:00,0.06509135385336073,0.0,0.9833671802007943
2016-12-14 07:00:00,0.13492158931916148,0.0,1.0547243005225162
2016-12-14 08:00:00,0.10450321550779232,0.0,1.0258307686549322
2016-12-14 09:00:00,0.10877013778987357,0.0,1.0316204724501294
2016-12-14 10:00:00,0.06691007692527784,0.0,0.9912811222104616
2016-12-14 11:00:00,0.0454022072593553,0.0,0.9712918898384757
2016-12-14 12:00:00,0.04635125459870077,0.0,0.9737575072348557
2016-12-14 13:00:00,0.048744699734622234,0.0,0.9776654699557111
2016-12-14 14:00:00,0.043960059318140864,0.0,0.9743933178500482
2016-12-14 15:00:00,0.03814366020660435,0.0,0.9700874087786387
2016-12-14 16:00:00,0.035625417486595354,0.0,0.9690776955744591
2016-12-14 17:00:00,0.032873534758579945,0.0,0.9678324247870467
2016-12-14 18:00:00,0.02939610174216265,0.0,0.9658597322628889
2016-12-14 19:00:00,0.026921328534068884,0.0,0.9648878749533017
2016-12-14 20:00:00,0.022389147920521234,0.0,0.9618568303711301
2016-12-14 21:00:00,0.019903090155363533,0.0,0.9608701590567431
2016-12-14 22:00:00,0.014223803909157479,0.0,0.956687847608687
2016-12-14 23:00:00,0.007241553070586056,0.0,0.9511543205471693
2016-12-15 00:00:00,0.001620952691085361,0.0,0.9470775680469503
2016-12-15 01:00:00,0.0,0.0,0.9463683203845864
2016-12-15 02:00:00,6.882945616935171e-05,0.0,0.9485083775931978
2016-12-15 03:00:00,0.005172715122173539,0.0,0.9551015596682195
2016-12-15 04:00:00,0.01924358194235753,0.0,0.9706600061479697
2016-12-15 05:00:00,0.050264924002969655,0.0,1.003167183788115
2016-12-15 06:00:00,0.06470724297141954,0.0,1.0190935656586613
2016-12-15 07:00:00,0.13453747843722022,0.0,1.0904060640629138
2016-12-15 08:00:00,0.10411910462585111,0.0,1.0614681295239765
2016-12-15 09:00:00,0.10838602690793231,0.0,1.0672136491472153
2016-12-15 10:00:00,0.0665259660433366,0.0,1.026830332250531
2016-12-15 11:00:00,0.04501809637741406,0.0,1.0067973494891578
2016-12-15 12:00:00,0.04596714371675953,0.0,1.0092194312431337
2016-12-15 13:00:00,0.04836058885268098,0.0,1.0130840712763325
2016-12-15 14:00:00,0.04357594843619965,0.0,1.009768807386644
2016-12-15 15:00:00,0.037759549324663085,0.0,1.0054199951487441
2016-12-15 16:00:00,0.035241306604654125,0.0,1.0043675849109401
2016-12-15 17:00:00,0.032489423876638696,0.0,1.0030798205899516
2016-12-15 18:00:00,0.029011990860221416,0.0,1.0010648353163418
2016-12-15 19:00:00,0.026537217652127635,0.0,1.0000508833207509
2016-12-15 20:00:00,0.02200503703858,0.0,0.9969779394823227
2016-12-15 21:00:00,0.019518979273422284,0.0,0.9959495621902985
2016-12-15 22:00:00,0.01383969302721625,0.0,0.99172575803453
2016-12-15 23:00:00,0.0068574421886447995,0.0,0.9861524090590045
2016-12-16 00:00:00,0.0020131067019277978,0.0,0.9828092029935929
2016-12-16 01:00:00,0.0,0.0,0.9820590252866099
2016-12-16 02:00:00,0.000460983467011785,0.0,0.9841583148226837
2016-12-16 03:00:00,0.005564869133015979,0.0,0.9907109141265272
2016-12-16 04:00:00,0.019635735953199965,0.0,1.006228962427527
2016-12-16 05:00:00,0.05065707801381208,0.0,1.0386959263197706
2016-12-16 06:00:00,0.065099396982262,0.0,1.0545822787470658
2016-12-16 07:00:00,0.1349296324480626,0.0,1.1258549318364979
2016-12-16 08:00:00,0.10451125863669357,0.0,1.0968773358128259
2016-12-16 09:00:00,0.10877818091877474,0.0,1.102583377305405
2016-12-16 10:00:00,0.06691812005417903,0.0,1.0621607649400397
2016-12-16 11:00:00,0.04541025038825646,0.0,1.0420886684409452
2016-12-16 12:00:00,0.04635929772760203,0.0,1.0444718170085396
2016-12-16 13:00:00,0.04875274286352338,0.0,1.0482977029797593
2016-12-16 14:00:00,0.04396810244704208,0.0,1.0449438624893719
2016-12-16 15:00:00,0.038151703335505494,0.0,1.0405566492339495
2016-12-16 16:00:00,0.035633460615496604,0.0,1.0394660115011942
2016-12-16 17:00:00,0.03288157788748112,0.0,1.038140191009874
2016-12-16 18:00:00,0.029404144871063853,0.0,1.0360873186136763
2016-12-16 19:00:00,0.026929371662970044,0.0,1.0350356462579997
2016-12-16 20:00:00,0.022397191049422477,0.0,1.0319251466111738
2016-12-16 21:00:00,0.019911133284264707,0.0,1.030859376283315
2016-12-16 22:00:00,0.014231847038058687,0.0,1.026598360071619
2016-12-16 23:00:00,0.0072495961994872085,0.0,1.0209892963274048
2016-12-17 00:00:00,0.0028675432119094797,0.0,1.0180700310268078
2016-12-17 01:00:00,0.0006663531821274049,0.0,1.0172831154926922
2016-12-17 02:00:00,0.0013154199769934063,0.0,1.0193458028352484
2016-12-17 03:00:00,0.0064193056429976076,0.0,1.0258619560803657
2016-12-17 04:00:00,0.020490172463181626,0.0,1.0413437143284052
2016-12-17 05:00:00,0.05151151452379368,0.0,1.0737745441766795
2016-12-17 06:00:00,0.06595383349224364,0.0,1.0896249186031652
2016-12-17 07:00:00,0.13578406895804426,0.0,1.16086174972269
2016-12-17 08:00:00,0.10536569514667521,0.0,1.1318484876359354
2016-12-17 09:00:00,0.10963261742875637,0.0,1.1375190186859354
2016-12-17 10:00:00,0.06777255656416066,0.0,1.097061051014974
2016-12-17 11:00:00,0.046264686898238115,0.0,1.0769537536456915
2016-12-17 12:00:00,0.04721373423758361,0.0,1.0793018548499034
2016-12-17 13:00:00,0.04960717937350504,0.0,1.0830928458098534
2016-12-17 14:00:00,0.04482253895702371,0.0,1.0797042612893661
2016-12-17 15:00:00,0.03900613984548716,0.0,1.0752824534167746
2016-12-17 16:00:00,0.03648789712547818,0.0,1.0741573687434371
2016-12-17 17:00:00,0.03373601439746277,0.0,1.0727972471243905
2016-12-17 18:00:00,0.030258581381045487,0.0,1.070710217475027
2016-12-17 19:00:00,0.027783808172951712,0.0,1.069624529791828
2016-12-17 20:00:00,0.023251627559404055,0.0,1.0664801548587914
2016-12-17 21:00:00,0.020765569794246354,0.0,1.0653806477909553
2016-12-17 22:00:00,0.015086283548040313,0.0,1.0610860500460935
2016-12-17 23:00:00,0.008104032709468877,0.0,1.055444756236228
2016-12-18 00:00:00,0.003522171676689511,0.0,1.0522910565758958
2016-12-18 01:00:00,0.0013209816469075056,0.0,1.051470963402378
2016-12-18 02:00:00,0.001970048441773486,0.0,1.0535005875645902
2016-12-18 03:00:00,0.007073934107777701,0.0,1.0599838108363604
2016-12-18 04:00:00,0.021144800927961668,0.0,1.0754327723134978
2016-12-18 05:00:00,0.05216614298857379,0.0,1.1078309387085121
2016-12-18 06:00:00,0.06660846195702372,0.0,1.1236487831420938
2016-12-18 07:00:00,0.13643869742282436,0.0,1.1948532178287696
2016-12-18 08:00:00,0.10602032361145525,0.0,1.1658076928662477
2016-12-18 09:00:00,0.11028724589353647,0.0,1.1714460944458742
2016-12-18 10:00:00,0.06842718502894074,0.0,1.1309561303775593
2016-12-18 11:00:00,0.0469193153630182,0.0,1.1108169691517422
2016-12-18 12:00:00,0.047868362702363665,0.0,1.113133338299878
2016-12-18 13:00:00,0.050261807838285134,0.0,1.1168927280563585
2016-12-18 14:00:00,0.045477167421803806,0.0,1.1134726720384331
2016-12-18 15:00:00,0.039660768310267235,0.0,1.109019521046202
2016-12-18 16:00:00,0.037142525590258234,0.0,1.1078632201475298
2016-12-18 17:00:00,0.03439064286224287,0.0,1.1064720075956467
2016-12-18 18:00:00,0.03091320984582558,0.0,1.1043540106338607
2016-12-18 19:00:00,0.028438436637731785,0.0,1.1032374775745788
2016-12-18 20:00:00,0.023906256024184107,0.0,1.100062377574419
2016-12-18 21:00:00,0.02142019825902646,0.0,1.098932264474433
2016-12-18 22:00:00,0.015740912012820407,0.0,1.0946071950437797
2016-12-18 23:00:00,0.00875866117424895,0.0,1.0889366571002705
2016-12-19 00:00:00,0.0034653610853053705,0.0,1.085040077238221
2016-12-19 01:00:00,0.0012641710555234137,0.0,1.0841898595544466
2016-12-19 02:00:00,0.00191323785038937,0.0,1.0861894566670034
2016-12-19 03:00:00,0.007017123516393585,0.0,1.0926427675717703
2016-12-19 04:00:00,0.021087990336577524,0.0,1.1080619314465696
2016-12-19 05:00:00,0.052109332397189706,0.0,1.1404304151951505
2016-12-19 06:00:00,0.06655165136563958,0.0,1.1562186921542323
2016-12-19 07:00:00,0.13638188683144023,0.0,1.227393674714513
2016-12-19 08:00:00,0.10596351302007115,0.0,1.198318813055308
2016-12-19 09:00:00,0.11023043530215237,0.0,1.2039279933127427
2016-12-19 10:00:00,0.06837037443755664,0.0,1.1634089230753075
2016-12-19 11:00:00,0.04686250477163408,0.0,1.143240770428177
2016-12-19 12:00:00,0.04781155211097954,0.0,1.145528262305937
2016-12-19 13:00:00,0.050204997246900994,0.0,1.1492588881549735
2016-12-19 14:00:00,0.0454203568304197,0.0,1.1458101806212584
2016-12-19 15:00:00,0.03960395771888312,0.0,1.1413284893658027
2016-12-19 16:00:00,0.037085714998874114,0.0,1.1401437581735818
2016-12-19 17:00:00,0.03433383227085873,0.0,1.1387242239048367
2016-12-19 18:00:00,0.03085639925444148,0.0,1.1365780123437108
2016-12-19 19:00:00,0.028381626046347665,0.0,1.1354333703306596
2016-12-19 20:00:00,0.023849445432799987,0.0,1.1322302656006102
2016-12-19 21:00:00,0.021363387667642328,0.0,1.1310722508956643
2016-12-19 22:00:00,0.015684101421436315,0.0,1.126719397112661
2016-12-19 23:00:00,0.008701850582864837,0.0,1.1210221960363835
2016-12-20 00:00:00,0.0027212085467980505,0.0,1.1164095875155091
2016-12-20 01:00:00,0.0005200185170160798,0.0,1.115531886354826
2016-12-20 02:00:00,0.001169085311882057,0.0,1.1175040836395846
2016-12-20 03:00:00,0.00627297097788627,0.0,1.1239300942512598
2016-12-20 04:00:00,0.020343837798070214,0.0,1.1393220575098928
2016-12-20 05:00:00,0.051365179858682344,0.0,1.1716634405617004
2016-12-20 06:00:00,0.06580749882713229,0.0,1.1874247170084324
2016-12-20 07:00:00,0.1356377342929329,0.0,1.258572799468846
2016-12-20 08:00:00,0.10521936048156384,0.0,1.2294711382629353
2016-12-20 09:00:00,0.10948628276364505,0.0,1.235053619541166
2016-12-20 10:00:00,0.0676262218990493,0.0,1.194507950752919
2016-12-20 11:00:00,0.046118352233126776,0.0,1.1743132996744898
2016-12-20 12:00:00,0.04706739957247223,0.0,1.1765743927545707
2016-12-20 13:00:00,0.04946084470839365,0.0,1.180278718776951
2016-12-20 14:00:00,0.04467620429191239,0.0,1.1768038095554092
2016-12-20 15:00:00,0.03885980518037581,0.0,1.172296013763241
2016-12-20 16:00:00,0.03634156246036679,0.0,1.1710852740641426
2016-12-20 17:00:00,0.03358967973235141,0.0,1.1696398260944028
2016-12-20 18:00:00,0.03011224671593416,0.0,1.167467794351883
2016-12-20 19:00:00,0.027637473507840352,0.0,1.166297424377567
2016-12-20 20:00:00,0.02310529289429266,0.0,1.1630686826518384
2016-12-20 21:00:00,0.020619235129135008,0.0,1.161885120958537
2016-12-20 22:00:00,0.014939948882928988,0.0,1.1575068232779138
2016-12-20 23:00:00,0.00795769804435753,0.0,1.151785207486924
2016-12-21 00:00:00,0.0018313936756128406,0.0,1.1470006503960355
2016-12-21 01:00:00,0.0,0.0,1.146097768003713
2016-12-21 02:00:00,0.00027927044069684,0.0,1.1480448563627048
2016-12-21 03:00:00,0.005383156106701067,0.0,1.1544458450626072
2016-12-21 04:00:00,0.019454022926885004,0.0,1.1698128736073052
2016-12-21 05:00:00,0.050475364987497134,0.0,1.2021294094193566
2016-12-21 06:00:00,0.06491768395594708,0.0,1.2178659263975589
2016-12-21 07:00:00,0.1347479194217477,0.0,1.2889893374233639
2016-12-21 08:00:00,0.1043295456103786,0.0,1.259863092998465
2016-12-21 09:00:00,0.10859646789245983,0.0,1.2654210793379699
2016-12-21 10:00:00,0.0667364070278641,0.0,1.224851003813729
2016-12-21 11:00:00,0.045228537361941566,0.0,1.2046320339671825
2016-12-21 12:00:00,0.046177584701287015,0.0,1.2068688958480709
2016-12-21 13:00:00,0.04857102983720844,0.0,1.2105490776773231
2016-12-21 14:00:00,0.04378638942072717,0.0,1.2070501105484015
2016-12-21 15:00:00,0.0379699903091906,0.0,1.2025183422697163
2016-12-21 16:00:00,0.035451747589181584,0.0,1.2012837145156738
2016-12-21 17:00:00,0.0326998648611662,0.0,1.1998144618373117
2016-12-21 18:00:00,0.02922243184474895,0.0,1.1976187075884925
2016-12-21 19:00:00,0.026747658636655142,0.0,1.1964246961528615
2016-12-21 20:00:00,0.022215478023107457,0.0,1.193172392893921
2016-12-21 21:00:00,0.019729420257949784,0.0,1.1919653487518715
2016-12-21 22:00:00,0.014050134011743771,0.0,1.1875636598643189
2016-12-21 23:00:00,0.007067883173172321,0.0,1.1818196017694027
2016-12-22 00:00:00,0.0014472827936715983,0.0,1.17751656901919
2016-12-22 01:00:00,0.0,0.0,1.1765905262438527
2016-12-22 02:00:00,0.0,0.0,1.1785145171194484
2016-12-22 03:00:00,0.004999045224759825,0.0,1.1848924849005793
2016-12-22 04:00:00,0.019069912044943776,0.0,1.200236569303348
2016-12-22 05:00:00,0.050091254105555885,0.0,1.2325302380482672
2016-12-22 06:00:00,0.06453357307400581,0.0,1.2482439653512247
2016-12-22 07:00:00,0.13436380853980648,0.0,1.319344664378776
2016-12-22 08:00:00,0.1039454347284374,0.0,1.290195785842411
2016-12-22 09:00:00,0.10821235701051857,0.0,1.2957312160582233
2016-12-22 10:00:00,0.06635229614592286,0.0,1.2551386623668939
2016-12-22 11:00:00,0.04484442648000032,0.0,1.2348972921324284
2016-12-22 12:00:00,0.04579347381934578,0.0,1.2371118310745153
2016-12-22 13:00:00,0.048186918955267194,0.0,1.2407697669315159
2016-12-22 14:00:00,0.043402278538785935,0.0,1.2372486301676944
2016-12-22 15:00:00,0.03758587942724934,0.0,1.2326947678274833
2016-12-22 16:00:00,0.03506763670724035,0.0,1.2314381207051313
2016-12-22 17:00:00,0.03231575397922494,0.0,1.2299469223816248
2016-12-22 18:00:00,0.02883832096280773,0.0,1.2277292951853478
2016-12-22 19:00:00,0.026363547754713886,0.0,1.2265134824611457
2016-12-22 20:00:00,0.021831367141166222,0.0,1.2232394485703861
2016-12-22 21:00:00,0.019345309376008528,0.0,1.2220107437041645
2016-12-22 22:00:00,0.013666023129802543,0.0,1.217587475332201
2016-12-22 23:00:00,0.0066837722912310785,0.0,1.2118227161438742
2016-12-23 00:00:00,0.001839436804514049,0.0,1.208273628944696
2016-12-23 01:00:00,0.0,0.0,1.20732621073837
2016-12-23 02:00:00,0.00028731356959805013,0.0,1.209228881214525
2016-12-23 03:00:00,0.005391199235602251,0.0,1.2155855963639655
2016-12-23 04:00:00,0.01946206605578621,0.0,1.230908496133847
2016-12-23 05:00:00,0.05048340811639832,0.0,1.2631810485555297
2016-12-23 06:00:00,0.06492572708484824,0.0,1.2788737281735316
2016-12-23 07:00:00,0.1347559625506489,0.0,1.3499534484531879
2016-12-23 08:00:00,0.10433758873927981,0.0,1.3207836603345469
2016-12-23 09:00:00,0.10860451102136102,0.0,1.3262982502608107
2016-12-23 10:00:00,0.0667444501567653,0.0,1.285684925576547
2016-12-23 11:00:00,0.045236580490842754,0.0,1.2654228535132466
2016-12-23 12:00:00,0.046185627830188224,0.0,1.2676167595157228
2016-12-23 13:00:00,0.04857907296610962,0.0,1.2712541309051246
2016-12-23 14:00:00,0.043794432549628365,0.0,1.2677124975915686
2016-12-23 15:00:00,0.037978033438091766,0.0,1.2631382059393412
2016-12-23 16:00:00,0.0354597907180828,0.0,1.2618611959537696
2016-12-23 17:00:00,0.03270790799006738,0.0,1.2603497003425252
2016-12-23 18:00:00,0.02923047497365016,0.0,1.2581118405083074
2016-12-23 19:00:00,0.026755701765556316,0.0,1.2568758588571027
2016-12-23 20:00:00,0.022223521152008673,0.0,1.253581718844826
2016-12-23 21:00:00,0.019737463386850965,0.0,1.2523329699922983
2016-12-23 22:00:00,0.01405817714064498,0.0,1.247889730362593
2016-12-23 23:00:00,0.007075926302073515,0.0,1.242105815986035
2016-12-24 00:00:00,0.0026938733144956824,0.0,1.2389983441234453
2016-12-24 01:00:00,0.00049268328471367,0.0,1.2380311360257312
2016-12-24 02:00:00,0.0011417500795796783,0.0,1.2399140650086242
2016-12-24 03:00:00,0.0062456357455838865,0.0,1.2462510989681888
2016-12-24 04:00:00,0.020316502565767842,0.0,1.261554378094558
2016-12-24 05:00:00,0.051337844626379955,0.0,1.2938073707365965
2016-12-24 06:00:00,0.0657801635948299,0.0,1.309480551772931
2016-12-24 07:00:00,0.13561039906063052,0.0,1.3805408349750863
2016-12-24 08:00:00,0.10519202524926147,0.0,1.35135167152364
2016-12-24 09:00:00,0.10945894753134265,0.0,1.3568469480074663
2016-12-24 10:00:00,0.06759888666674696,0.0,1.3162143718015848
2016-12-24 11:00:00,0.04609101700082436,0.0,1.2959331100403793
2016-12-24 12:00:00,0.047040064340169836,0.0,1.2981078879383878
2016-12-24 13:00:00,0.04943350947609129,0.0,1.3017261924532846
2016-12-24 14:00:00,0.04464886905961001,0.0,1.2981655530034855
2016-12-24 15:00:00,0.038832469948073385,0.0,1.2935723153434906
2016-12-24 16:00:00,0.03631422722806442,0.0,1.292276418766745
2016-12-24 17:00:00,0.03356234450004903,0.0,1.2907460951896423
2016-12-24 18:00:00,0.0300849114836318,0.0,1.288489465174058
2016-12-24 19:00:00,0.027610138275537936,0.0,1.287234770272196
2016-12-24 20:00:00,0.023077957661990292,0.0,1.2839219731167797
2016-12-24 21:00:00,0.020591899896832612,0.0,1.282654622624756
2016-12-24 22:00:00,0.01491261365062662,0.0,1.2781928467883872
2016-12-24 23:00:00,0.007930362812055121,0.0,1.272391156878495
2016-12-25 00:00:00,0.0033485017792757484,0.0,1.2690646847577436
2016-12-25 01:00:00,0.0011473117494937846,0.0,1.2680791024529368
2016-12-25 02:00:00,0.0017963785443597512,0.0,1.269943699994136
2016-12-25 03:00:00,0.0069002642103639595,0.0,1.276262456436012
2016-12-25 04:00:00,0.020971131030547912,0.0,1.2915475122185605
2016-12-25 05:00:00,0.05199247309116008,0.0,1.323782336010343
2016-12-25 06:00:00,0.06643479205960996,0.0,1.3394374030252478
2016-12-25 07:00:00,0.13626502752541056,0.0,1.4104796273438889
2016-12-25 08:00:00,0.10584665371404156,0.0,1.3812724603943818
2016-12-25 09:00:00,0.1101135759961227,0.0,1.3867497889242066
2016-12-25 10:00:00,0.06825351513152703,0.0,1.3460993203589662
2016-12-25 11:00:00,0.046745645465604425,0.0,1.325800221764021
2016-12-25 12:00:00,0.04769469280494992,0.0,1.3279572181599948
2016-12-25 13:00:00,0.050088137940871365,0.0,1.3315577961856777
2016-12-25 14:00:00,0.04530349752439011,0.0,1.3279794848202378
2016-12-25 15:00:00,0.03948709841285346,0.0,1.3233686292679816
2016-12-25 16:00:00,0.0369688556928445,0.0,1.3220551681761241
2016-12-25 17:00:00,0.03421697296482909,0.0,1.3205073327399792
2016-12-25 18:00:00,0.030739539948411908,0.0,1.3182332427533976
2016-12-25 19:00:00,0.02826476674031801,0.0,1.31696113898787
2016-12-25 20:00:00,0.023732586126770372,0.0,1.313630983323539
2016-12-25 21:00:00,0.021246528361612678,0.0,1.3123463241299196
2016-12-25 22:00:00,0.015567242115406735,0.0,1.3078672987289828
2016-12-25 23:00:00,0.0085849912768352,0.0,1.3020490704317669
2016-12-26 00:00:00,0.0032916911878916218,0.0,1.2979932900197928
2016-12-26 01:00:00,0.001090501158109651,0.0,1.2969906035072951
2016-12-26 02:00:00,0.0017395679529756559,0.0,1.2988381347917877
2016-12-26 03:00:00,0.00684345361897985,0.0,1.3051398734128814
2016-12-26 04:00:00,0.020914320439163768,0.0,1.3204079600636418
2016-12-26 05:00:00,0.05193566249977595,0.0,1.352625863731326
2016-12-26 06:00:00,0.06637798146822586,0.0,1.3682640599631584
2016-12-26 07:00:00,0.13620821693402643,0.0,1.4392894631485014
2016-12-26 08:00:00,0.10578984312265748,0.0,1.410065524966372
2016-12-26 09:00:00,0.11005676540473858,0.0,1.4155261323315764
2016-12-26 10:00:00,0.06819670454014293,0.0,1.374858992735513
2016-12-26 11:00:00,0.04668883487422029,0.0,1.3545432731969165
2016-12-26 12:00:00,0.04763788221356581,0.0,1.3566836985723676
2016-12-26 13:00:00,0.050031327349487245,0.0,1.3602677552190905
2016-12-26 14:00:00,0.04524668693300599,0.0,1.3566729717214345
2016-12-26 15:00:00,0.039430287821469345,0.0,1.3520456927844227
2016-12-26 16:00:00,0.03691204510146039,0.0,1.3507158564654493
2016-12-26 17:00:00,0.03416016237344495,0.0,1.3491516932993068
2016-12-26 18:00:00,0.030682729357027795,0.0,1.3468613223747818
2016-12-26 19:00:00,0.02820795614893389,0.0,1.3455729837459083
2016-12-26 20:00:00,0.023675775535386266,0.0,1.3422266386013515
2016-12-26 21:00:00,0.021189717770228544,0.0,1.3409258348115731
2016-12-26 22:00:00,0.015510431524022622,0.0,1.3364307184851436
2016-12-26 23:00:00,0.008528180685451088,0.0,1.3305970660051698
2016-12-27 00:00:00,0.0025475386493843157,0.0,1.3258372662426605
2016-12-27 01:00:00,0.00034634861960231716,0.0,1.3248186197722363
2016-12-27 02:00:00,0.0009954154144683428,0.0,1.3266502249099987
2016-12-27 03:00:00,0.0060993010804725216,0.0,1.3329360810703772
2016-12-27 04:00:00,0.02017016790065646,0.0,1.3481883292000265
2016-12-27 05:00:00,0.05119150996126863,0.0,1.3803904386016237
2016-12-27 06:00:00,0.06563382892971853,0.0,1.396012885151629
2016-12-27 07:00:00,0.13546406439551914,0.0,1.4670225835454893
2016-12-27 08:00:00,0.10504569058415014,0.0,1.4377829857138202
2016-12-27 09:00:00,0.10931261286623126,0.0,1.4432279787442963
2016-12-27 10:00:00,0.06745255200163561,0.0,1.4025452702055428
2016-12-27 11:00:00,0.04594468233571298,0.0,1.3822140270876042
2016-12-27 12:00:00,0.04689372967505846,0.0,1.3843389741077379
2016-12-27 13:00:00,0.04928717481097994,0.0,1.3879075973730748
2016-12-27 14:00:00,0.04450253439449868,0.0,1.3842974251110791
2016-12-27 15:00:00,0.038686135282962025,0.0,1.3796548015713137
2016-12-27 16:00:00,0.03616789256295306,0.0,1.3783096642701933
2016-12-27 17:00:00,0.03341600983493766,0.0,1.3767302431346216
2016-12-27 18:00:00,0.029938576818520468,0.0,1.3744246566031713
2016-12-27 19:00:00,0.02746380361042657,0.0,1.373121144067587
2016-12-27 20:00:00,0.022931622996878932,0.0,1.369759666078319
2016-12-27 21:00:00,0.020445565231721245,0.0,1.3684437700485599
2016-12-27 22:00:00,0.014766278985515295,0.0,1.3639336103797282
2016-12-27 23:00:00,0.007784028146943782,0.0,1.3580855412354644
2016-12-28 00:00:00,0.001657723778199078,0.0,1.3531644797289024
2016-12-28 01:00:00,0.0,0.0,1.3521309083724748
2016-12-28 02:00:00,0.0001056005432831398,0.0,1.3539476188559914
2016-12-28 03:00:00,0.005209486209287312,0.0,1.3602186199141642
2016-12-28 04:00:00,0.01928035302947122,0.0,1.375456052745801
2016-12-28 05:00:00,0.050301695090083434,0.0,1.4076433869641232
2016-12-28 06:00:00,0.06474401405853333,0.0,1.4232510987692042
2016-12-28 07:00:00,0.13457424952433394,0.0,1.494246103158266
2016-12-28 08:00:00,0.10415587571296493,0.0,1.4649918523122663
2016-12-28 09:00:00,0.10842279799504603,0.0,1.4704222334948964
2016-12-28 10:00:00,0.06656273713045037,0.0,1.4297249543605066
2016-12-28 11:00:00,0.04505486746452776,0.0,1.409379181884869
2016-12-28 12:00:00,0.04600391480387326,0.0,1.411489640666503
2016-12-28 13:00:00,0.04839735993979474,0.0,1.415043816589181
2016-12-28 14:00:00,0.043612719523313456,0.0,1.4114192375561043
2016-12-28 15:00:00,0.03779632041177683,0.0,1.4067622473993728
2016-12-28 16:00:00,0.035278077691767835,0.0,1.4054027831369993
2016-12-28 17:00:00,0.032526194963752475,0.0,1.4038090741340576
2016-12-28 18:00:00,0.02904876194733523,0.0,1.4014892382270143
2016-12-28 19:00:00,0.026573988739241373,0.0,1.4001715141937587
2016-12-28 20:00:00,0.02204180812569371,0.0,1.3967958619932632
2016-12-28 21:00:00,0.019555750360536056,0.0,1.3954658286178012
2016-12-28 22:00:00,0.01387646411433005,0.0,1.3909415763112944
2016-12-28 23:00:00,0.006894213275758572,0.0,1.3850800049376737
2016-12-29 00:00:00,0.0012736128962578357,0.0,1.3806500266485695
2016-12-29 01:00:00,0.0,0.0,1.3796024701760328
2016-12-29 02:00:00,0.0,0.0,1.3814052226644051
2016-12-29 03:00:00,0.004825375327346069,0.0,1.387662301663002
2016-12-29 04:00:00,0.018896242147529965,0.0,1.4028858486199256
2016-12-29 05:00:00,0.0499175842081422,0.0,1.4350593334529618
2016-12-29 06:00:00,0.0643599031765921,0.0,1.4506532326791393
2016-12-29 07:00:00,0.13419013864239268,0.0,1.5216344615919932
2016-12-29 08:00:00,0.10377176483102371,0.0,1.4923664726201438
2016-12-29 09:00:00,0.1080386871131048,0.0,1.4977831532046397
2016-12-29 10:00:00,0.06617862624850912,0.0,1.4570722110917733
2016-12-29 11:00:00,0.04467075658258651,0.0,1.436712813254662
2016-12-29 12:00:00,0.045619803921931996,0.0,1.4388096841903322
2016-12-29 13:00:00,0.0480132490578535,0.0,1.4423503095820622
2016-12-29 14:00:00,0.04322860864137224,0.0,1.4387122170370323
2016-12-29 15:00:00,0.03741220952983557,0.0,1.4340417500030376
2016-12-29 16:00:00,0.034893966809826586,0.0,1.4326688450370502
2016-12-29 17:00:00,0.032142084081811226,0.0,1.4310617309828708
2016-12-29 18:00:00,0.02866465106539401,0.0,1.4287285251173139
2016-12-29 19:00:00,0.026189877857300117,0.0,1.4273974656471944
2016-12-29 20:00:00,0.02165769724375246,0.0,1.424008511981277
2016-12-29 21:00:00,0.019171639478594814,0.0,1.4226652107227373
2016-12-29 22:00:00,0.013492353232388822,0.0,1.4181277315459941
2016-12-29 23:00:00,0.00651010239381733,0.0,1.4122534907539426
2016-12-30 00:00:00,0.0016657669071002516,0.0,1.4085860480815744
2016-12-30 01:00:00,0.0,0.0,1.4075253626571191
2016-12-30 02:00:00,0.00011364367218434299,0.0,1.4093150105982084
2016-12-30 03:00:00,0.005217529338188503,0.0,1.4155590178062023
2016-12-30 04:00:00,0.019288396158372384,0.0,1.4307695259746251
2016-12-30 05:00:00,0.05030973821898461,0.0,1.4629300053191021
2016-12-30 06:00:00,0.06475205718743457,0.0,1.4785109326662786
2016-12-30 07:00:00,0.13458229265323512,0.0,1.5494792235997534
2016-12-30 08:00:00,0.10416391884186614,0.0,1.5201983307921096
2016-12-30 09:00:00,0.10843084112394723,0.0,1.5256021418617256
2016-12-30 10:00:00,0.06657078025935158,0.0,1.4848783646512702
2016-12-30 11:00:00,0.04506291059342895,0.0,1.464506166140582
2016-12-30 12:00:00,0.0460119579327744,0.0,1.4665902707397247
2016-12-30 13:00:00,0.04840540306869595,0.0,1.4701181639511527
2016-12-30 14:00:00,0.04362076265221469,0.0,1.4664673731106284
2016-12-30 15:00:00,0.037804363540678,0.0,1.4617842413107576
2016-12-30 16:00:00,0.03528612082066898,0.0,1.4603987046804445
2016-12-30 17:00:00,0.0325342380926537,0.0,1.4587789915781344
2016-12-30 18:00:00,0.029056805076236453,0.0,1.4564332187586684
2016-12-30 19:00:00,0.026582031868142553,0.0,1.4550896238957913
2016-12-30 20:00:00,0.022049851254594854,0.0,1.4516881658847056
2016-12-30 21:00:00,0.019563793489437285,0.0,1.450332390967515
2016-12-30 22:00:00,0.013884507243231259,0.0,1.4457824758711226
2016-12-30 23:00:00,0.006902256404659773,0.0,1.4398963265620435
2016-12-31 00:00:00,0.0025202034170818503,0.0,1.4366782518171912
2016-12-31 01:00:00,0.00031901338730001144,0.0,1.4356052199197433
2016-12-31 02:00:00,0.0009680801821659712,0.0,1.4373825434101413
2016-12-31 03:00:00,0.006071965848170138,0.0,1.4436142561174428
2016-12-31 04:00:00,0.02014283266835399,0.0,1.4588124999760097
2016-12-31 05:00:00,0.051164174728966255,0.0,1.4909607454921094
2016-12-31 06:00:00,0.06560649369741621,0.0,1.50652946979424
2016-12-31 07:00:00,0.13543672916321678,0.0,1.577485588749304
2016-12-31 08:00:00,0.10501835535184778,0.0,1.5481925552694225
2016-12-31 09:00:00,0.10928527763392885,0.0,1.553584257149247
2016-12-31 10:00:00,0.06742521676933322,0.0,1.512848402330862
2016-12-31 11:00:00,0.04591734710341056,0.0,1.4924641578083975
2016-12-31 12:00:00,0.04686639444275603,0.0,1.4945362479172546
2016-12-31 13:00:00,0.04925983957867758,0.0,1.4980521579960893
2016-12-31 14:00:00,0.04447519916219634,0.0,1.494389415130803
2016-12-31 15:00:00,0.03865880005065963,0.0,1.4896943620845184
2016-12-31 16:00:00,0.03614055733065063,0.0,1.4882969345873307
2016-12-31 17:00:00,0.0333886746026353,0.0,1.4866653605443112
2016-12-31 18:00:00,0.029911241586218107,0.0,1.4843077562219418
2016-12-31 19:00:00,0.02743646837812418,0.0,1.4829523587948317
2016-12-31 20:00:00,0.0229042877645765,0.0,1.4795391266773292
2016-12-31 21:00:00,0.020418229999418884,0.0,1.478171605775291
2016-12-31 22:00:00,0.014738943753212906,0.0,1.4736099795203428
2016-12-31 23:00:00,0.0077566929146414,0.0,1.4677126189691319
