DateTime,UCM,lower,upper
2016-12-01 00:00:00,0.005846506260631153,0.0,0.05744443511689054
2016-12-01 01:00:00,0.0033109228406264482,0.0,0.0751398593494068
2016-12-01 02:00:00,0.003679325888685092,0.0,0.0911887412148951
2016-12-01 03:00:00,0.008954514416475486,0.0,0.10973438202723854
2016-12-01 04:00:00,0.023413188767005152,0.0,0.1359093581036041
2016-12-01 05:00:00,0.05198687068134647,0.0,0.17508947177051412
2016-12-01 06:00:00,0.07819984057187676,0.0,0.21106480974064373
2016-12-01 07:00:00,0.13039170846532774,0.0,0.2723489958627535
2016-12-01 08:00:00,0.11801002937107605,0.0,0.2685108803300283
2016-12-01 09:00:00,0.10943150570987216,0.0,0.2680157291192097
2016-12-01 10:00:00,0.06377963201861726,0.0,0.23005405913728155
2016-12-01 11:00:00,0.052170440837495044,0.0,0.2257940913967758
2016-12-01 12:00:00,0.05030929900185754,0.0,0.23098278810542242
2016-12-01 13:00:00,0.05152087712417642,0.0,0.23897862146434584
2016-12-01 14:00:00,0.047876093887785444,0.0,0.24188043237472778
2016-12-01 15:00:00,0.04181383890642367,0.0,0.2421505016779012
2016-12-01 16:00:00,0.03867645036772722,0.0,0.24515100117111255
2016-12-01 17:00:00,0.03820127772238696,0.0,0.250636273581726
2016-12-01 18:00:00,0.03289024049347902,0.0,0.25112292922166085
2016-12-01 19:00:00,0.02986182792956486,0.0,0.2537422550848912
2016-12-01 20:00:00,0.026066574082125853,0.0,0.25545600543857705
2016-12-01 21:00:00,0.023659165787768523,0.0,0.2584287187710531
2016-12-01 22:00:00,0.017827311472911386,0.0,0.2578544394745616
2016-12-01 23:00:00,0.010778870118664848,0.0,0.25579950136230634
2016-12-02 00:00:00,0.005521327534344877,0.0,0.25574608298629503
2016-12-02 01:00:00,0.002985744114340213,0.0,0.2581513336806356
2016-12-02 02:00:00,0.0033541471623988565,0.0,0.2633694923816144
2016-12-02 03:00:00,0.008629335690189237,0.0,0.2734059655017639
2016-12-02 04:00:00,0.02308801004071893,0.0,0.29254203226740877
2016-12-02 05:00:00,0.051661691955060166,0.0,0.32571338848995013
2016-12-02 06:00:00,0.07787466184559054,0.0,0.35644813870753106
2016-12-02 07:00:00,0.13006652973904148,0.0,0.4130894147218076
2016-12-02 08:00:00,0.11768485064478978,0.0,0.40508803106926156
2016-12-02 09:00:00,0.1091063269835859,0.0,0.40082372086519075
2016-12-02 10:00:00,0.06345445329233106,0.0,0.3594228081757084
2016-12-02 11:00:00,0.05184526211120874,0.0,0.352003976814387
2016-12-02 12:00:00,0.04998412027557131,0.0,0.35427508570765365
2016-12-02 13:00:00,0.05119569839789024,0.0,0.35956315435236846
2016-12-02 14:00:00,0.04755091516149913,0.0,0.35994132047268795
2016-12-02 15:00:00,0.04148866018013745,0.0,0.3578505738630988
2016-12-02 16:00:00,0.038351271641440934,0.0,0.3586352426861882
2016-12-02 17:00:00,0.03787609899610074,0.0,0.3620345624742123
2016-12-02 18:00:00,0.032565061767192774,0.0,0.3605522389681685
2016-12-02 19:00:00,0.02953664920327864,0.0,0.36130844975598414
2016-12-02 20:00:00,0.025741395355839535,0.0,0.3612553193541869
2016-12-02 21:00:00,0.02333398706148233,0.0,0.36254899997615875
2016-12-02 22:00:00,0.01750213274662511,0.0,0.36037689728238587
2016-12-02 23:00:00,0.010453691392378627,0.0,0.3568424783266057
2016-12-03 00:00:00,0.004204705751040677,0.0,0.35429399467562506
2016-12-03 01:00:00,0.001669122331036083,0.0,0.355306733562432
2016-12-03 02:00:00,0.0020375253790946017,0.0,0.35919024023395973
2016-12-03 03:00:00,0.007312713906885121,0.0,0.367946524957802
2016-12-03 04:00:00,0.02177138825741473,0.0,0.38585318136560387
2016-12-03 05:00:00,0.0503450701717561,0.0,0.4178425726835205
2016-12-03 06:00:00,0.07655804006228628,0.0,0.4474397786120333
2016-12-03 07:00:00,0.12874990795573732,0.0,0.5029851754048393
2016-12-03 08:00:00,0.11636822886148562,0.0,0.49392705884276716
2016-12-03 09:00:00,0.1077897052002817,0.0,0.4886428525836376
2016-12-03 10:00:00,0.06213783150902688,0.0,0.4462567571962488
2016-12-03 11:00:00,0.050528640327904564,0.0,0.43788549903960566
2016-12-03 12:00:00,0.04866749849226712,0.0,0.4392351285159565
2016-12-03 13:00:00,0.04987907661458609,0.0,0.44363099073129214
2016-12-03 14:00:00,0.04623429337819492,0.0,0.44314467030127513
2016-12-03 15:00:00,0.04017203839683332,0.0,0.4402157140222308
2016-12-03 16:00:00,0.037034649858136745,0.0,0.44018710748046763
2016-12-03 17:00:00,0.03655947721279655,0.0,0.44279683569084566
2016-12-03 18:00:00,0.031248439983888585,0.0,0.4405474387451818
2016-12-03 19:00:00,0.02822002741997448,0.0,0.4405580072626237
2016-12-03 20:00:00,0.024424773572535335,0.0,0.4397796521709474
2016-12-03 21:00:00,0.022017365278178186,0.0,0.44036758574595436
2016-12-03 22:00:00,0.016185510963320937,0.0,0.43750864839370956
2016-12-03 23:00:00,0.009137069609074455,0.0,0.43332485077738925
2016-12-04 00:00:00,0.0028880839677365333,0.0,0.43010300903292414
2016-12-04 01:00:00,0.00035250054773188324,0.0,0.43047997241645675
2016-12-04 02:00:00,0.0007209035957904297,0.0,0.4337430089286861
2016-12-04 03:00:00,0.005996092123580921,0.0,0.441893818261079
2016-12-04 04:00:00,0.020454766474110587,0.0,0.45920940639442764
2016-12-04 05:00:00,0.04902844838845199,0.0,0.4906215827679587
2016-12-04 06:00:00,0.07524141827898197,0.0,0.5196549036373987
2016-12-04 07:00:00,0.12743328617243327,0.0,0.5746492489705356
2016-12-04 08:00:00,0.11505160707818143,0.0,0.5650524427169246
2016-12-04 09:00:00,0.10647308341697749,0.0,0.5592414589143625
2016-12-04 10:00:00,0.06082120972572274,0.0,0.5163400688850756
2016-12-04 11:00:00,0.04921201854460037,0.0,0.5074645886080202
2016-12-04 12:00:00,0.04735087670896294,0.0,0.5083206757208444
2016-12-04 13:00:00,0.04856245483128194,0.0,0.5122332991263515
2016-12-04 14:00:00,0.04491767159489079,0.0,0.5112736829080875
2016-12-04 15:00:00,0.0388554166135291,0.0,0.5078810282666787
2016-12-04 16:00:00,0.03571802807483259,0.0,0.5073979895589495
2016-12-04 17:00:00,0.03524285542949238,0.0,0.5095622345422962
2016-12-04 18:00:00,0.029931818200584426,0.0,0.5068759998043963
2016-12-04 19:00:00,0.026903405636670336,0.0,0.5064580861470891
2016-12-04 20:00:00,0.023108151789231136,0.0,0.5052593284488287
2016-12-04 21:00:00,0.020700743494874014,0.0,0.5054346797363648
2016-12-04 22:00:00,0.014868889180016793,0.0,0.5021709188422366
2016-12-04 23:00:00,0.007820447825770255,0.0,0.497601374027711
2016-12-05 00:00:00,0.002562905241450256,0.0,0.4949678952417413
2016-12-05 01:00:00,2.7321821445661348e-05,0.0,0.4949613821112114
2016-12-05 02:00:00,0.00039572486950420786,0.0,0.4978474568854518
2016-12-05 03:00:00,0.005670913397294645,0.0,0.5056278211709286
2016-12-05 04:00:00,0.020129587747824338,0.0,0.5225793026749399
2016-12-05 05:00:00,0.04870326966216568,0.0,0.5536335404024428
2016-12-05 06:00:00,0.0749162395526958,0.0,0.5823149269250107
2016-12-05 07:00:00,0.127108107446147,0.0,0.636963184267165
2016-12-05 08:00:00,0.11472642835189517,0.0,0.6270259833529703
2016-12-05 09:00:00,0.10614790469069124,0.0,0.6208801494833344
2016-12-05 10:00:00,0.06049603099943648,0.0,0.577649309079128
2016-12-05 11:00:00,0.048886839818314105,0.0,0.5684496367432499
2016-12-05 12:00:00,0.047025697982676716,0.0,0.5689866520585413
2016-12-05 13:00:00,0.048237276104995674,0.0,0.5725851890674056
2016-12-05 14:00:00,0.04459249286860453,0.0,0.5713163401232043
2016-12-05 15:00:00,0.038530237887242816,0.0,0.5676191778258353
2016-12-05 16:00:00,0.03539284934854632,0.0,0.5668362311347819
2016-12-05 17:00:00,0.03491767670320617,0.0,0.5687050457750942
2016-12-05 18:00:00,0.02960663947429815,0.0,0.5657277399212609
2016-12-05 19:00:00,0.026578226910384115,0.0,0.5650229999170334
2016-12-05 20:00:00,0.022782973062944887,0.0,0.5635415505566049
2016-12-05 21:00:00,0.020375564768587737,0.0,0.5634382415591234
2016-12-05 22:00:00,0.014543710453730544,0.0,0.5598998785600894
2016-12-05 23:00:00,0.007495269099484007,0.0,0.5550675818125751
2016-12-06 00:00:00,0.00347403578551265,0.0,0.5533947174805357
2016-12-06 01:00:00,0.0009384523655080555,0.0,0.553124839388627
2016-12-06 02:00:00,0.001306855413566602,0.0,0.5557509983751442
2016-12-06 03:00:00,0.006582043941357038,0.0,0.5632749499580461
2016-12-06 04:00:00,0.021040718291886758,0.0,0.5799734494940162
2016-12-06 05:00:00,0.04961440020622802,0.0,0.6107780664289992
2016-12-06 06:00:00,0.07582737009675826,0.0,0.639213125974452
2016-12-06 07:00:00,0.12801923799020937,0.0,0.6936182844346834
2016-12-06 08:00:00,0.11563755889595757,0.0,0.6834411482057046
2016-12-06 09:00:00,0.10705903523475364,0.0,0.6770584789257152
2016-12-06 10:00:00,0.06140716154349888,0.0,0.6335938400036872
2016-12-06 11:00:00,0.0497979703623765,0.0,0.6241633435589109
2016-12-06 12:00:00,0.04793682852673912,0.0,0.6244724471649278
2016-12-06 13:00:00,0.049148406649058014,0.0,0.6278459233248835
2016-12-06 14:00:00,0.045503623412666956,0.0,0.6263548033593199
2016-12-06 15:00:00,0.03944136843130521,0.0,0.6224380994204897
2016-12-06 16:00:00,0.03630397989260873,0.0,0.6214382807356909
2016-12-06 17:00:00,0.035828807247268564,0.0,0.623092834205689
2016-12-06 18:00:00,0.03051777001836057,0.0,0.6199038203480187
2016-12-06 19:00:00,0.02748935745444648,0.0,0.6189898693366546
2016-12-06 20:00:00,0.02369410360700728,0.0,0.6173016516652331
2016-12-06 21:00:00,0.0212866953126501,0.0,0.6169939664631994
2016-12-06 22:00:00,0.015454840997792966,0.0,0.6132536634041134
2016-12-06 23:00:00,0.0084063996435464,0.0,0.6082276393714301
2016-12-07 00:00:00,0.004935375716568704,0.0,0.6069011871499514
2016-12-07 01:00:00,0.0023997922965640814,0.0,0.6064361223234738
2016-12-07 02:00:00,0.002768195344622711,0.0,0.6088691684861699
2016-12-07 03:00:00,0.008043383872413093,0.0,0.6162021407673857
2016-12-07 04:00:00,0.022502058222942784,0.0,0.6327117598729608
2016-12-07 05:00:00,0.05107574013728402,0.0,0.6633295619034809
2016-12-07 06:00:00,0.07728871002781439,0.0,0.6915798396273004
2016-12-07 07:00:00,0.12948057792126538,0.0,0.7458022174226142
2016-12-07 08:00:00,0.11709889882701364,0.0,0.7354442699682262
2016-12-07 09:00:00,0.10852037516580969,0.0,0.7288827271720689
2016-12-07 10:00:00,0.06286850147455494,0.0,0.6852411205590028
2016-12-07 11:00:00,0.05125931029343254,0.0,0.6756355301368266
2016-12-07 12:00:00,0.04939816845779519,0.0,0.6757713811171897
2016-12-07 13:00:00,0.050609746580114086,0.0,0.678973413404907
2016-12-07 14:00:00,0.04696496334372303,0.0,0.6773126255303541
2016-12-07 15:00:00,0.04090270836236123,0.0,0.6732279967407462
2016-12-07 16:00:00,0.03776531982366484,0.0,0.6720619633603108
2016-12-07 17:00:00,0.03729014717832462,0.0,0.6735519795540789
2016-12-07 18:00:00,0.03197910994941663,0.0,0.6702000734894171
2016-12-07 19:00:00,0.028950697385502506,0.0,0.6691248436423208
2016-12-07 20:00:00,0.025155443538063333,0.0,0.6672769297775685
2016-12-07 21:00:00,0.022748035243706183,0.0,0.666811102714871
2016-12-07 22:00:00,0.01691618092884899,0.0,0.6629142568153917
2016-12-07 23:00:00,0.009867739574602427,0.0,0.6577377895131895
2016-12-08 00:00:00,0.005846506260631126,0.0,0.6557025827217066
2016-12-08 01:00:00,0.003310922840626476,0.0,0.6550854006863841
2016-12-08 02:00:00,0.0036793258886851058,0.0,0.6573676855998418
2016-12-08 03:00:00,0.008954514416475459,0.0,0.6645513078549199
2016-12-08 04:00:00,0.02341318876700518,0.0,0.680912969730114
2016-12-08 05:00:00,0.051986870681346525,0.0,0.7113841896371079
2016-12-08 06:00:00,0.07819984057187665,0.0,0.7394892430904296
2016-12-08 07:00:00,0.1303917084653278,0.0,0.7935677373568754
2016-12-08 08:00:00,0.11801002937107608,0.0,0.7830672299113726
2016-12-08 09:00:00,0.10943150570987209,0.0,0.7763644331961899
2016-12-08 10:00:00,0.06377963201861733,0.0,0.7325828609019469
2016-12-08 11:00:00,0.05217044083749493,0.0,0.7228385747790581
2016-12-08 12:00:00,0.0503092990018576,0.0,0.7228369813436206
2016-12-08 13:00:00,0.051520877124176453,0.0,0.7259028013809224
2016-12-08 14:00:00,0.04787609388778544,0.0,0.7241070139165012
2016-12-08 15:00:00,0.04181383890642362,0.0,0.71988857837217
2016-12-08 16:00:00,0.03867645036772724,0.0,0.7185899110232632
2016-12-08 17:00:00,0.03820127772238702,0.0,0.7199484458990393
2016-12-08 18:00:00,0.032890240493478995,0.0,0.7164661911241742
2016-12-08 19:00:00,0.02986182792956493,0.0,0.7152617254451529
2016-12-08 20:00:00,0.026066574082125756,0.0,0.7132856694724992
2016-12-08 21:00:00,0.02365916578776855,0.0,0.7126927766218834
2016-12-08 22:00:00,0.017827311472911386,0.0,0.7086699824392088
2016-12-08 23:00:00,0.01077887011866482,0.0,0.7033723176664739
2016-12-09 00:00:00,0.005521327534344877,0.0,0.6999729112261925
2016-12-09 01:00:00,0.0029857441143402268,0.0,0.69923286400055
2016-12-09 02:00:00,0.0033541471623988565,0.0,0.7013932245789822
2016-12-09 03:00:00,0.00862933569018921,0.0,0.708455912454392
2016-12-09 04:00:00,0.02308801004071896,0.0,0.7246976193999896
2016-12-09 05:00:00,0.05166169195506022,0.0,0.7550498538008353
2016-12-09 06:00:00,0.0778746618455904,0.0,0.7830368813823981
2016-12-09 07:00:00,0.1300665297390416,0.0,0.8369982996257082
2016-12-09 08:00:00,0.11768485064478978,0.0,0.8263816560342514
2016-12-09 09:00:00,0.10910632698358584,0.0,0.8195636527563602
2016-12-09 10:00:00,0.06345445329233111,0.0,0.7756677927795239
2016-12-09 11:00:00,0.051845262111208684,0.0,0.7658101266972684
2016-12-09 12:00:00,0.049984120275571337,0.0,0.7656960494025877
2016-12-09 13:00:00,0.05119569839789022,0.0,0.7686502696028995
2016-12-09 14:00:00,0.04755091516149913,0.0,0.7667437538227413
2016-12-09 15:00:00,0.041488660180137374,0.0,0.7624154486131045
2016-12-09 16:00:00,0.03835127164144102,0.0,0.7610077570889315
2016-12-09 17:00:00,0.037876098996100796,0.0,0.7622580999428504
2016-12-09 18:00:00,0.032565061767192746,0.0,0.7586684719364267
2016-12-09 19:00:00,0.029536649203278625,0.0,0.7573574386103349
2016-12-09 20:00:00,0.025741395355839507,0.0,0.7552756077461121
2016-12-09 21:00:00,0.023333987061482358,0.0,0.7545777212827272
2016-12-09 22:00:00,0.01750213274662511,0.0,0.7504507516869843
2016-12-09 23:00:00,0.010453691392378572,0.0,0.7450527422799303
2016-12-10 00:00:00,0.004204705751040705,0.0,0.7405559019005733
2016-12-10 01:00:00,0.001669122331036083,0.0,0.7397139271556309
2016-12-10 02:00:00,0.0020375253790946572,0.0,0.7417730426954711
2016-12-10 03:00:00,0.00731271390688501,0.0,0.7487352112214962
2016-12-10 04:00:00,0.021771388257414787,0.0,0.7648771182339777
2016-12-10 05:00:00,0.05034507017175616,0.0,0.7951302661870303
2016-12-10 06:00:00,0.07655804006228617,0.0,0.8230189150187766
2016-12-10 07:00:00,0.12874990795573737,0.0,0.8768826563726391
2016-12-10 08:00:00,0.11636822886148565,0.0,0.8661690317071217
2016-12-10 09:00:00,0.10778970520028167,0.0,0.8592547368038383
2016-12-10 10:00:00,0.062137831509026936,0.0,0.8152632678888053
2016-12-10 11:00:00,0.05052864032790451,0.0,0.8053106683612453
2016-12-10 12:00:00,0.04866749849226715,0.0,0.8051023254756945
2016-12-10 13:00:00,0.04987907661458604,0.0,0.8079629398656751
2016-12-10 14:00:00,0.046234293378194985,0.0,0.8059634695721515
2016-12-10 15:00:00,0.0401720383968332,0.0,0.8015428522970012
2016-12-10 16:00:00,0.037034649858136814,0.0,0.8000434820075761
2016-12-10 17:00:00,0.03655947721279662,0.0,0.8012027700457024
2016-12-10 18:00:00,0.03124843998388857,0.0,0.797522701745383
2016-12-10 19:00:00,0.028220027419974453,0.0,0.7961218332987227
2016-12-10 20:00:00,0.024424773572535335,0.0,0.7939507634043457
2016-12-10 21:00:00,0.022017365278178214,0.0,0.7931642260100122
2016-12-10 22:00:00,0.016185510963320937,0.0,0.7889492264581104
2016-12-10 23:00:00,0.009137069609074372,0.0,0.7834663584414315
2016-12-11 00:00:00,0.0028880839677365333,0.0,0.7788798146257246
2016-12-11 01:00:00,0.000352500547731911,0.0,0.7779515076891418
2016-12-11 02:00:00,0.0007209035957904853,0.0,0.779924803456449
2016-12-11 03:00:00,0.005996092123580838,0.0,0.7868017026970238
2016-12-11 04:00:00,0.020454766474110615,0.0,0.8028588870554971
2016-12-11 05:00:00,0.049028448388452044,0.0,0.833027855392209
2016-12-11 06:00:00,0.07524141827898191,0.0,0.8608328641460695
2016-12-11 07:00:00,0.12743328617243327,0.0,0.9146135013916417
2016-12-11 08:00:00,0.11505160707818146,0.0,0.9038173048152804
2016-12-11 09:00:00,0.1064730834169775,0.0,0.8968209661253874
2016-12-11 10:00:00,0.060821209725722754,0.0,0.852747977110791
2016-12-11 11:00:00,0.049212018544600354,0.0,0.8427143763362172
2016-12-11 12:00:00,0.04735087670896298,0.0,0.8424255458138086
2016-12-11 13:00:00,0.04856245483128182,0.0,0.8452061805333225
2016-12-11 14:00:00,0.0449176715948909,0.0,0.8431272325117467
2016-12-11 15:00:00,0.03885541661352895,0.0,0.838627633083779
2016-12-11 16:00:00,0.0357180280748327,0.0,0.8370497695632024
2016-12-11 17:00:00,0.035242855429492397,0.0,0.8381310464331221
2016-12-11 18:00:00,0.029931818200584426,0.0,0.8343734420719846
2016-12-11 19:00:00,0.02690340563667028,0.0,0.8328955057533991
2016-12-11 20:00:00,0.023108151789231163,0.0,0.8306478294555114
2016-12-11 21:00:00,0.020700743494874014,0.0,0.8297851413145915
2016-12-11 22:00:00,0.01486888918001682,0.0,0.8254944759733551
2016-12-11 23:00:00,0.007820447825770172,0.0,0.8199386224299076
2016-12-12 00:00:00,0.0025629052414503114,0.0,0.8162663205152906
2016-12-12 01:00:00,2.7321821445605837e-05,0.0,0.8152636666233923
2016-12-12 02:00:00,0.0003957248695042911,0.0,0.8171630109043891
2016-12-12 03:00:00,0.0056709133972945615,0.0,0.8239663878328428
2016-12-12 04:00:00,0.020129587747824394,0.0,0.8399504766506779
2016-12-12 05:00:00,0.04870326966216573,0.0,0.8700467740261892
2016-12-12 06:00:00,0.07491623955269569,0.0,0.8977795342731939
2016-12-12 07:00:00,0.127108107446147,0.0,0.9514883432665427
2016-12-12 08:00:00,0.11472642835189523,0.0,0.9406207363026311
2016-12-12 09:00:00,0.10614790469069126,0.0,0.9335534024246613
2016-12-12 10:00:00,0.06049603099943651,0.0,0.8894098304259488
2016-12-12 11:00:00,0.04888683981831407,0.0,0.8793060555157757
2016-12-12 12:00:00,0.04702569798267672,0.0,0.8789474559809346
2016-12-12 13:00:00,0.04823727610499562,0.0,0.8816587227207882
2016-12-12 14:00:00,0.044592492868604616,0.0,0.8795108033144903
2016-12-12 15:00:00,0.03853023788724266,0.0,0.8749426243429124
2016-12-12 16:00:00,0.035392849348546446,0.0,0.873296568098807
2016-12-12 17:00:00,0.03491767670320614,0.0,0.8743100338472376
2016-12-12 18:00:00,0.029606639474298178,0.0,0.870484994645596
2016-12-12 19:00:00,0.026578226910384032,0.0,0.8689399944599964
2016-12-12 20:00:00,0.022782973062944942,0.0,0.8666256201151615
2016-12-12 21:00:00,0.020375564768587765,0.0,0.8656965953682216
2016-12-12 22:00:00,0.014543710453730544,0.0,0.861339981077767
2016-12-12 23:00:00,0.007495269099483923,0.0,0.8557204818237274
2016-12-13 00:00:00,0.0034740357855127333,0.0,0.853217132260585
2016-12-13 01:00:00,0.0009384523655079999,0.0,0.8521495776832935
2016-12-13 02:00:00,0.0013068554135666575,0.0,0.8539843334294478
2016-12-13 03:00:00,0.006582043941356955,0.0,0.8607234640003723
2016-12-13 04:00:00,0.021040718291886813,0.0,0.8766436471439315
2016-12-13 05:00:00,0.04961440020622807,0.0,0.9066763782099819
2016-12-13 06:00:00,0.07582737009675815,0.0,0.9343459102442646
2016-12-13 07:00:00,0.12801923799020934,0.0,0.9879918277801535
2016-12-13 08:00:00,0.11563755889595767,0.0,0.9770616645977641
2016-12-13 09:00:00,0.10705903523475367,0.0,0.9699321079743837
2016-12-13 10:00:00,0.06140716154349891,0.0,0.9257266446389733
2016-12-13 11:00:00,0.049797970362376466,0.0,0.9155613074114336
2016-12-13 12:00:00,0.047936828526739146,0.0,0.9151414718547395
2016-12-13 13:00:00,0.04914840664905799,0.0,0.9177918258136151
2016-12-13 14:00:00,0.045503623412666984,0.0,0.9155833134965949
2016-12-13 15:00:00,0.03944136843130506,0.0,0.9109548578250153
2016-12-13 16:00:00,0.03630397989260887,0.0,0.9092488371855811
2016-12-13 17:00:00,0.035828807247268564,0.0,0.9102026467521714
2016-12-13 18:00:00,0.030517770018360542,0.0,0.906318255388356
2016-12-13 19:00:00,0.027489357454446424,0.0,0.9047142028664078
2016-12-13 20:00:00,0.023694103607007334,0.0,0.9023410719411751
2016-12-13 21:00:00,0.021286695312650157,0.0,0.9013535829710595
2016-12-13 22:00:00,0.01545484099779291,0.0,0.8969388203879509
2016-12-13 23:00:00,0.008406399643546317,0.0,0.8912631793534947
2016-12-14 00:00:00,0.004935375716568815,0.0,0.8892505977871696
2016-12-14 01:00:00,0.0023997922965640537,0.0,0.8881257441820798
2016-12-14 02:00:00,0.0027681953446226835,0.0,0.8899034519398363
2016-12-14 03:00:00,0.00804338387241301,0.0,0.8965858124818539
2016-12-14 04:00:00,0.02250205822294295,0.0,0.9124495026481343
2016-12-14 05:00:00,0.051075740137284074,0.0,0.9424260170309636
2016-12-14 06:00:00,0.07728871002781419,0.0,0.9700396079583276
2016-12-14 07:00:00,0.1294805779212654,0.0,1.023629859176222
2016-12-14 08:00:00,0.1170988988270137,0.0,1.0126443035178585
2016-12-14 09:00:00,0.10852037516580972,0.0,1.005459627087512
2016-12-14 10:00:00,0.06286850147455496,0.0,0.9611993151713579
2016-12-14 11:00:00,0.05125931029343255,0.0,0.9509793988526752
2016-12-14 12:00:00,0.049398168457795176,0.0,0.9505052516551122
2016-12-14 13:00:00,0.050609746580114044,0.0,0.9531015590840418
2016-12-14 14:00:00,0.04696496334372304,0.0,0.9508392627212838
2016-12-14 15:00:00,0.040902708362361116,0.0,0.9461572825976603
2016-12-14 16:00:00,0.037765319823664927,0.0,0.9443979939828197
2016-12-14 17:00:00,0.03729014717832465,0.0,0.9452987887612546
2016-12-14 18:00:00,0.0319791099494166,0.0,0.9413616324079537
2016-12-14 19:00:00,0.02895069738550245,0.0,0.9397050612986113
2016-12-14 20:00:00,0.02515544353806339,0.0,0.937279654893927
2016-12-14 21:00:00,0.02274803524370621,0.0,0.936240130847982
2016-12-14 22:00:00,0.016916180928848962,0.0,0.9317735949012343
2016-12-14 23:00:00,0.009867739574602371,0.0,0.9260479486265948
2016-12-15 00:00:00,0.005846506260631209,0.0,0.9234321937931408
2016-12-15 01:00:00,0.0033109228406264482,0.0,0.9222562660587282
2016-12-15 02:00:00,0.003679325888685078,0.0,0.9239831047970343
2016-12-15 03:00:00,0.008954514416475403,0.0,0.9306148257122888
2016-12-15 04:00:00,0.0234131887670054,0.0,0.9464281051240822
2016-12-15 05:00:00,0.05198687068134647,0.0,0.9763544372354588
2016-12-15 06:00:00,0.07819984057187651,0.0,1.0039180740179234
2016-12-15 07:00:00,0.1303917084653278,0.0,1.057458598796057
2016-12-15 08:00:00,0.11801002937107613,0.0,1.0464235438362746
2016-12-15 09:00:00,0.10943150570987212,0.0,1.039189594470919
2016-12-15 10:00:00,0.06377963201861736,0.0,0.9948802349697122
2016-12-15 11:00:00,0.052170440837494975,0.0,0.984611495133038
2016-12-15 12:00:00,0.050309299001857516,0.0,0.9840887469268526
2016-12-15 13:00:00,0.051520877124176495,0.0,0.9866366740260131
2016-12-15 14:00:00,0.04787609388778544,0.0,0.9843262159199248
2016-12-15 15:00:00,0.04181383890642351,0.0,0.979596290305822
2016-12-15 16:00:00,0.038676450367727266,0.0,0.9777892699116371
2016-12-15 17:00:00,0.03820127772238707,0.0,0.9786425439203406
2016-12-15 18:00:00,0.032890240493478995,0.0,0.9746580750109803
2016-12-15 19:00:00,0.029861827929564846,0.0,0.9729543967506237
2016-12-15 20:00:00,0.026066574082125784,0.0,0.9704820858778016
2016-12-15 21:00:00,0.023659165787768607,0.0,0.9693958578486316
2016-12-15 22:00:00,0.017827311472911358,0.0,0.9648828377642544
2016-12-15 23:00:00,0.010778870118664765,0.0,0.9591122806011199
2016-12-16 00:00:00,0.00552132753434496,0.0,0.9552126331401405
2016-12-16 01:00:00,0.002985744114340199,0.0,0.9539908049846634
2016-12-16 02:00:00,0.003354147162398829,0.0,0.955671913168956
2016-12-16 03:00:00,0.008629335690189126,0.0,0.9622580954267166
2016-12-16 04:00:00,0.023088010040719236,0.0,0.9780260278179955
2016-12-16 05:00:00,0.051661691955060166,0.0,1.0079072044025192
2016-12-16 06:00:00,0.07787466184559023,0.0,1.0354258770362985
2016-12-16 07:00:00,0.1300665297390416,0.0,1.088921628868321
2016-12-16 08:00:00,0.11768485064478985,0.0,1.0778419918567654
2016-12-16 09:00:00,0.10910632698358587,0.0,1.0705636508390586
2016-12-16 10:00:00,0.06345445329233111,0.0,1.0262100893675632
2016-12-16 11:00:00,0.051845262111208726,0.0,1.0158973362827837
2016-12-16 12:00:00,0.049984120275571295,0.0,1.0153307623404
2016-12-16 13:00:00,0.05119569839789022,0.0,1.017835049756032
2016-12-16 14:00:00,0.04755091516149916,0.0,1.0154811363204115
2016-12-16 15:00:00,0.04148866018013732,0.0,1.0107079378110546
2016-12-16 16:00:00,0.03835127164144099,0.0,1.0088578248446867
2016-12-16 17:00:00,0.037876098996100824,0.0,1.0096681843449895
2016-12-16 18:00:00,0.03256506176719272,0.0,1.0056409766425514
2016-12-16 19:00:00,0.029536649203278625,0.0,1.003894732940585
2016-12-16 20:00:00,0.025741395355839535,0.0,1.0013800276880267
2016-12-16 21:00:00,0.023333987061482358,0.0,1.0002515745216303
2016-12-16 22:00:00,0.01750213274662511,0.0,0.9956965162194117
2016-12-16 23:00:00,0.010453691392378516,0.0,0.9898853324046631
2016-12-17 00:00:00,0.004204705751040788,0.0,0.9849511856947482
2016-12-17 01:00:00,0.0016691223310360275,0.0,0.9836878124687033
2016-12-17 02:00:00,0.0020375253790946572,0.0,0.9853275179196739
2016-12-17 03:00:00,0.0073127139068849545,0.0,0.9918724598722379
2016-12-17 04:00:00,0.021771388257415092,0.0,1.007599314304921
2016-12-17 05:00:00,0.05034507017175599,0.0,1.0374395753001335
2016-12-17 06:00:00,0.07655804006228603,0.0,1.0649174947607953
2016-12-17 07:00:00,0.12874990795573746,0.0,1.118372655827346
2016-12-17 08:00:00,0.11636822886148565,0.0,1.1072525903280932
2016-12-17 09:00:00,0.1077897052002817,0.0,1.0999339828000976
2016-12-17 10:00:00,0.062137831509026936,0.0,1.0555403162921877
2016-12-17 11:00:00,0.05052864032790455,0.0,1.0451876189196878
2016-12-17 12:00:00,0.04866749849226712,0.0,1.0445812604840243
2016-12-17 13:00:00,0.049879076614586015,0.0,1.0470459220185149
2016-12-17 14:00:00,0.04623429337819501,0.0,1.0446525399119182
2016-12-17 15:00:00,0.04017203839683317,0.0,1.0398400283365585
2016-12-17 16:00:00,0.03703464985813679,0.0,1.0379507561273777
2016-12-17 17:00:00,0.03655947721279662,0.0,1.0387221082889488
2016-12-17 18:00:00,0.03124843998388857,0.0,1.0346560431488487
2016-12-17 19:00:00,0.028220027419974453,0.0,1.0328710898904077
2016-12-17 20:00:00,0.024424773572535335,0.0,1.0303178210073782
2016-12-17 21:00:00,0.022017365278178186,0.0,1.0291509486064725
2016-12-17 22:00:00,0.016185510963320965,0.0,1.0245576316789027
2016-12-17 23:00:00,0.009137069609074344,0.0,1.0187094649303567
2016-12-18 00:00:00,0.0028880839677366166,0.0,1.0137361140398673
2016-12-18 01:00:00,0.0003525005477318277,0.0,1.012434903200023
2016-12-18 02:00:00,0.000720903595790513,0.0,1.014036891533012
2016-12-18 03:00:00,0.00599609212358081,0.0,1.020544255275087
2016-12-18 04:00:00,0.020454766474110892,0.0,1.036233670445768
2016-12-18 05:00:00,0.04902844838845182,0.0,1.0660366312627938
2016-12-18 06:00:00,0.07524141827898186,0.0,1.0934773897859158
2016-12-18 07:00:00,0.12743328617243327,0.0,1.146895529261253
2016-12-18 08:00:00,0.1150516070781815,0.0,1.1357385815114902
2016-12-18 09:00:00,0.10647308341697752,0.0,1.1283832309117539
2016-12-18 10:00:00,0.06082120972572277,0.0,1.0839529601626314
2016-12-18 11:00:00,0.04921201854460041,0.0,1.0735637968278149
2016-12-18 12:00:00,0.04735087670896295,0.0,1.0729211099467013
2016-12-18 13:00:00,0.048562454831281764,0.0,1.075349579580885
2016-12-18 14:00:00,0.0449176715948909,0.0,1.0729201409451399
2016-12-18 15:00:00,0.038855416613529,0.0,1.0680717068503607
2016-12-18 16:00:00,0.03571802807483262,0.0,1.0661466446067653
2016-12-18 17:00:00,0.035242855429492424,0.0,1.066882337566644
2016-12-18 18:00:00,0.029931818200584454,0.0,1.062780742326463
2016-12-18 19:00:00,0.026903405636670253,0.0,1.060960386320861
2016-12-18 20:00:00,0.023108151789231136,0.0,1.0583718403519518
2016-12-18 21:00:00,0.020700743494874014,0.0,1.0571698152217757
2016-12-18 22:00:00,0.01486888918001682,0.0,1.0525414848551529
2016-12-18 23:00:00,0.007820447825770172,0.0,1.0466594648892835
2016-12-19 00:00:00,0.002562905241450367,0.0,1.042641662778322
2016-12-19 01:00:00,2.7321821445550325e-05,0.0,1.0413058012577436
2016-12-19 02:00:00,0.0003957248695042911,0.0,1.0428732418394973
2016-12-19 03:00:00,0.005670913397294589,0.0,1.0493461777074293
2016-12-19 04:00:00,0.02012958774782456,0.0,1.0650012850066775
2016-12-19 05:00:00,0.04870326966216562,0.0,1.0947700581666597
2016-12-19 06:00:00,0.07491623955269561,0.0,1.1221767494781891
2016-12-19 07:00:00,0.127108107446147,0.0,1.17556094237122
2016-12-19 08:00:00,0.11472642835189525,0.0,1.1643701687498247
2016-12-19 09:00:00,0.10614790469069127,0.0,1.156981112926675
2016-12-19 10:00:00,0.06049603099943651,0.0,1.1125172573683855
2016-12-19 11:00:00,0.048886839818314154,0.0,1.1020946292173097
2016-12-19 12:00:00,0.04702569798267667,0.0,1.1014185968975185
2016-12-19 13:00:00,0.04823727610499551,0.0,1.1038138396617523
2016-12-19 14:00:00,0.044592492868604644,0.0,1.1013512917290371
2016-12-19 15:00:00,0.038530237887242774,0.0,1.0964698647410631
2016-12-19 16:00:00,0.03539284934854636,0.0,1.094511924687409
2016-12-19 17:00:00,0.03491767670320614,0.0,1.0952148534809931
2016-12-19 18:00:00,0.029606639474298233,0.0,1.0910806062048628
2016-12-19 19:00:00,0.026578226910384032,0.0,1.0892277087624385
2016-12-19 20:00:00,0.02278297306294486,0.0,1.086606730475433
2016-12-19 21:00:00,0.020375564768587737,0.0,1.0853723810197724
2016-12-19 22:00:00,0.0145437104537306,0.0,1.08071184812898
2016-12-19 23:00:00,0.007495269099483923,0.0,1.0747986867611257
2016-12-20 00:00:00,0.003474035785512761,0.0,1.0719841685676856
2016-12-20 01:00:00,0.0009384523655079167,0.0,1.0706164196602932
2016-12-20 02:00:00,0.001306855413566713,0.0,1.072152061485227
2016-12-20 03:00:00,0.006582043941357011,0.0,1.0785933028894918
2016-12-20 04:00:00,0.021040718291886924,0.0,1.094216820202161
2016-12-20 05:00:00,0.04961440020622807,0.0,1.1239541081156212
2016-12-20 06:00:00,0.07582737009675795,0.0,1.1513294192013328
2016-12-20 07:00:00,0.1280192379902094,0.0,1.2046823371262194
2016-12-20 08:00:00,0.11563755889595766,0.0,1.193460393936713
2016-12-20 09:00:00,0.10705903523475367,0.0,1.1860402739549942
2016-12-20 10:00:00,0.06140716154349891,0.0,1.1415454594987018
2016-12-20 11:00:00,0.04979797036237652,0.0,1.131091977387965
2016-12-20 12:00:00,0.04793682852673909,0.0,1.130385195545129
2016-12-20 13:00:00,0.04914840664905793,0.0,1.132749792541964
2016-12-20 14:00:00,0.04550362341266701,0.0,1.1302567017432514
2016-12-20 15:00:00,0.0394413684313052,0.0,1.1253448337754102
2016-12-20 16:00:00,0.03630397989260876,0.0,1.1233565534719103
2016-12-20 17:00:00,0.03582880724726851,0.0,1.124029241478794
2016-12-20 18:00:00,0.030517770018360625,0.0,1.1198648515426353
2016-12-20 19:00:00,0.027489357454446424,0.0,1.117981908212669
2016-12-20 20:00:00,0.02369410360700725,0.0,1.1153309795020823
2016-12-20 21:00:00,0.021286695312650157,0.0,1.1140667741043047
2016-12-20 22:00:00,0.015454840997792966,0.0,1.1093764925673393
2016-12-20 23:00:00,0.008406399643546317,0.0,1.103434557880108
2016-12-21 00:00:00,0.004935375716568815,0.0,1.1011397297659915
2016-12-21 01:00:00,0.002399792296563998,0.0,1.099742507994189
2016-12-21 02:00:00,0.002768195344622739,0.0,1.101248753818641
2016-12-21 03:00:00,0.008043383872413065,0.0,1.107660690616127
2016-12-21 04:00:00,0.02250205822294298,0.0,1.123254994939473
2016-12-21 05:00:00,0.051075740137284185,0.0,1.152963161777796
2016-12-21 06:00:00,0.07728871002781389,0.0,1.1803094440155635
2016-12-21 07:00:00,0.1294805779212655,0.0,1.2336334255922266
2016-12-21 08:00:00,0.11709889882701373,0.0,1.2223826387390897
2016-12-21 09:00:00,0.10852037516580972,0.0,1.2149337678400847
2016-12-21 10:00:00,0.06286850147455496,0.0,1.1704102951276418
2016-12-21 11:00:00,0.05125931029343255,0.0,1.1599282471759396
2016-12-21 12:00:00,0.049398168457795204,0.0,1.159192991494699
2016-12-21 13:00:00,0.050609746580113905,0.0,1.1615292060765086
2016-12-21 14:00:00,0.046964963343723125,0.0,1.1590078235457988
2016-12-21 15:00:00,0.04090270836236128,0.0,1.1540677536386985
2016-12-21 16:00:00,0.03776531982366479,0.0,1.1520513601670395
2016-12-21 17:00:00,0.03729014717832451,0.0,1.1526960226516498
2016-12-21 18:00:00,0.03197910994941674,0.0,1.1485036936484005
2016-12-21 19:00:00,0.028950697385502478,0.0,1.1465928964983978
2016-12-21 20:00:00,0.025155443538063305,0.0,1.1439141980480307
2016-12-21 21:00:00,0.022748035243706183,0.0,1.1426223061253213
2016-12-21 22:00:00,0.016916180928849046,0.0,1.137904433209567
2016-12-21 23:00:00,0.009867739574602371,0.0,1.1319358076122283
2016-12-22 00:00:00,0.005846506260631209,0.0,1.129062455139406
2016-12-22 01:00:00,0.003310922840626365,0.0,1.127637884926555
2016-12-22 02:00:00,0.0036793258886851613,0.0,1.1291168493985984
2016-12-22 03:00:00,0.00895451441647543,0.0,1.1355015854565782
2016-12-22 04:00:00,0.0234131887670054,0.0,1.1510687699037283
2016-12-22 05:00:00,0.051986870681346525,0.0,1.1807498980472813
2016-12-22 06:00:00,0.07819984057187634,0.0,1.208069223104923
2016-12-22 07:00:00,0.13039170846532788,0.0,1.261366329311714
2016-12-22 08:00:00,0.11801002937107613,0.0,1.2500887491131092
2016-12-22 09:00:00,0.10943150570987212,0.0,1.2426131669927107
2016-12-22 10:00:00,0.06377963201861736,0.0,1.1980630651459072
2016-12-22 11:00:00,0.05217044083749495,0.0,1.187554469960207
2016-12-22 12:00:00,0.05030929900185763,0.0,1.1867927486034116
2016-12-22 13:00:00,0.0515208771241763,0.0,1.1891025785709322
2016-12-22 14:00:00,0.04787609388778552,0.0,1.1865548918396698
2016-12-22 15:00:00,0.04181383890642362,0.0,1.1815885973581999
2016-12-22 16:00:00,0.03867645036772724,0.0,1.179546058027977
2016-12-22 17:00:00,0.038201277722386906,0.0,1.1801646523623752
2016-12-22 18:00:00,0.032890240493479134,0.0,1.175946331848109
2016-12-22 19:00:00,0.029861827929564846,0.0,1.174009618740107
2016-12-22 20:00:00,0.0260665740821257,0.0,1.1713050788362354
2016-12-22 21:00:00,0.023659165787768607,0.0,1.1699874191957371
2016-12-22 22:00:00,0.017827311472911413,0.0,1.1652438634409026
2016-12-22 23:00:00,0.010778870118664765,0.0,1.159250389699549
2016-12-23 00:00:00,0.00552132753434496,0.0,1.155114364132245
2016-12-23 01:00:00,0.0029857441143401435,0.0,1.1536643263657471
2016-12-23 02:00:00,0.0033541471623988843,0.0,1.1551178821805062
2016-12-23 03:00:00,0.008629335690189182,0.0,1.161477281105268
2016-12-23 04:00:00,0.02308801004071918,0.0,1.1770192002108848
2016-12-23 05:00:00,0.05166169195506028,0.0,1.2066751351352878
2016-12-23 06:00:00,0.07787466184559004,0.0,1.2339693394409605
2016-12-23 07:00:00,0.13006652973904162,0.0,1.2872413976727353
2016-12-23 08:00:00,0.11768485064478991,0.0,1.275938842509914
2016-12-23 09:00:00,0.10910632698358587,0.0,1.26843835856318
2016-12-23 10:00:00,0.06345445329233111,0.0,1.2238634280274314
2016-12-23 11:00:00,0.0518452621112087,0.0,1.213330077149984
2016-12-23 12:00:00,0.04998412027557138,0.0,1.2125436728134114
2016-12-23 13:00:00,0.05119569839789005,0.0,1.214828892082752
2016-12-23 14:00:00,0.0475509151614993,0.0,1.2122566663638716
2016-12-23 15:00:00,0.041488660180137346,0.0,1.2072659039031994
2016-12-23 16:00:00,0.03835127164144099,0.0,1.2051989667848932
2016-12-23 17:00:00,0.03787609899610066,0.0,1.2057932326138434
2016-12-23 18:00:00,0.032565061767192885,0.0,1.2015506519100563
2016-12-23 19:00:00,0.029536649203278597,0.0,1.1995897459452078
2016-12-23 20:00:00,0.02574139535583948,0.0,1.1968610795684151
2016-12-23 21:00:00,0.02333398706148233,0.0,1.1955193591507687
2016-12-23 22:00:00,0.017502132746625165,0.0,1.19075181875078
2016-12-23 23:00:00,0.010453691392378516,0.0,1.1847351369015715
2016-12-24 00:00:00,0.004204705751040788,0.0,1.179583041340529
2016-12-24 01:00:00,0.001669122331035972,0.0,1.1781092107464397
2016-12-24 02:00:00,0.0020375253790947128,0.0,1.1795390257100264
2016-12-24 03:00:00,0.00731271390688501,0.0,1.1858747475845797
2016-12-24 04:00:00,0.021771388257415036,0.0,1.2013930537189603
2016-12-24 05:00:00,0.0503450701717561,0.0,1.2310254400880936
2016-12-24 06:00:00,0.07655804006228584,0.0,1.2582961606046834
2016-12-24 07:00:00,0.12874990795573743,0.0,1.311544800131087
2016-12-24 08:00:00,0.06507027350333008,0.0,0.7270506711146272
2016-12-24 09:00:00,0.06027337243891862,0.0,0.7228435615237027
2016-12-24 10:00:00,0.03474595884765965,0.0,0.6979053628653251
2016-12-24 11:00:00,0.028254382472399538,0.0,0.6920024213056623
2016-12-24 12:00:00,0.027213677380827125,0.0,0.6915497708049708
2016-12-24 13:00:00,0.027891162297124756,0.0,0.692814733485636
2016-12-24 14:00:00,0.025853088465696096,0.0,0.6913635674224967
2016-12-24 15:00:00,0.022463223435149882,0.0,0.6885600502305878
2016-12-24 16:00:00,0.020708872335227363,0.0,0.6873914999889736
2016-12-24 17:00:00,0.020443167388988093,0.0,0.6877110642028257
2016-12-24 18:00:00,0.01747336499143892,0.0,0.6853260161080773
2016-12-24 19:00:00,0.015779950596953352,0.0,0.6842168585648851
2016-12-24 20:00:00,0.013657737272203156,0.0,0.6826784213782113
2016-12-24 21:00:00,0.022017365278178158,0.0,1.2195016568322818
2016-12-24 22:00:00,0.01618551096332102,0.0,1.2147116507231441
2016-12-24 23:00:00,0.009137069609074344,0.0,1.2086732279827577
2016-12-25 00:00:00,0.0028880839677366166,0.0,1.2034980596683595
2016-12-25 01:00:00,0.0003525005477317722,0.0,1.2020019351207183
2016-12-25 02:00:00,0.0007209035957905685,0.0,1.2034095022198608
2016-12-25 03:00:00,0.005996092123580866,0.0,1.2097230334209992
2016-12-25 04:00:00,0.02045476647411081,0.0,1.225219206356449
2016-12-25 05:00:00,0.04902844838845193,0.0,1.2548295173399246
2016-12-25 06:00:00,0.07524141827898166,0.0,1.2820782206353785
2016-12-25 07:00:00,0.12743328617243324,0.0,1.3353049014258223
2016-12-25 08:00:00,0.06433405073549868,0.0,0.7403244939274088
2016-12-25 09:00:00,0.05953714967108718,0.0,0.7361051713282083
2016-12-25 10:00:00,0.03400973607982822,0.0,0.7111547926240294
2016-12-25 11:00:00,0.027518159704568092,0.0,0.7052397039395042
2016-12-25 12:00:00,0.026477454612995693,0.0,0.7047749391219954
2016-12-25 13:00:00,0.02715493952929334,0.0,0.7060278201094998
2016-12-25 14:00:00,0.02511686569786468,0.0,0.7045646047230925
2016-12-25 15:00:00,0.021727000667318423,0.0,0.7017490702592806
2016-12-25 16:00:00,0.019972649567395948,0.0,0.7005685344216078
2016-12-25 17:00:00,0.019706944621156665,0.0,0.7008761442944437
2016-12-25 18:00:00,0.016737142223607487,0.0,0.6984791726637926
2016-12-25 19:00:00,0.015043727829121918,0.0,0.6973581219312198
2016-12-25 20:00:00,0.012921514504371722,0.0,0.6958078214595302
2016-12-25 21:00:00,0.020700743494873986,0.0,1.2429604174175508
2016-12-25 22:00:00,0.014868889180016848,0.0,1.238149310696816
2016-12-25 23:00:00,0.007820447825770172,0.0,1.2320904659282432
2016-12-26 00:00:00,0.002562905241450367,0.0,1.2278850652184035
2016-12-26 01:00:00,2.732182144552257e-05,0.0,1.2263679945499952
2016-12-26 02:00:00,0.0003957248695043189,0.0,1.2277546565757371
2016-12-26 03:00:00,0.005670913397294617,0.0,1.2340473341999625
2016-12-26 04:00:00,0.02012958774782456,0.0,1.249522705340297
2016-12-26 05:00:00,0.04870326966216568,0.0,1.279112266647822
2016-12-26 06:00:00,0.07491623955269539,0.0,1.3063402727356392
2016-12-26 07:00:00,0.12710810744614695,0.0,1.3595463091072142
2016-12-26 08:00:00,0.11472642835189545,0.0,1.348177909200534
2016-12-26 09:00:00,0.10614790469069127,0.0,1.3406117581034482
2016-12-26 10:00:00,0.06049603099943651,0.0,1.2959713381512916
2016-12-26 11:00:00,0.04888683981831404,0.0,1.2853726753626853
2016-12-26 12:00:00,0.04702569798267678,0.0,1.284521136007879
2016-12-26 13:00:00,0.04823727610499545,0.0,1.2867413961552419
2016-12-26 14:00:00,0.04459249286860473,0.0,1.2841043858410308
2016-12-26 15:00:00,0.03853023788724272,0.0,1.2790490115939304
2016-12-26 16:00:00,0.035392849348546446,0.0,1.2769176334740149
2016-12-26 17:00:00,0.03491767670320603,0.0,1.277447626818731
2016-12-26 18:00:00,0.029606639474298316,0.0,1.2731409397241398
2016-12-26 19:00:00,0.026578226910384004,0.0,1.2711160909914985
2016-12-26 20:00:00,0.022782973062944887,0.0,1.2683236430879616
2016-12-26 21:00:00,0.02037556476858771,0.0,1.266918300689143
2016-12-26 22:00:00,0.0145437104537306,0.0,1.2620873255810947
2016-12-26 23:00:00,0.007495269099483923,0.0,1.2560092494791046
2016-12-27 00:00:00,0.003474035785512761,0.0,1.2530197443169453
2016-12-27 01:00:00,0.0009384523655079167,0.0,1.2514829448035207
2016-12-27 02:00:00,0.001306855413566713,0.0,1.2528499146879168
2016-12-27 03:00:00,0.006582043941357011,0.0,1.2591229467316443
2016-12-27 04:00:00,0.021040718291886952,0.0,1.2745787191368847
2016-12-27 05:00:00,0.04961440020622807,0.0,1.3041487288883824
2016-12-27 06:00:00,0.07582737009675776,0.0,1.3313572309440744
2016-12-27 07:00:00,0.12801923799020937,0.0,1.3845438111252915
2016-12-27 08:00:00,0.11563755889595785,0.0,1.373156003129057
2016-12-27 09:00:00,0.10705903523475367,0.0,1.3655704922193166
2016-12-27 10:00:00,0.06140716154349891,0.0,1.3209107608081876
2016-12-27 11:00:00,0.04979797036237641,0.0,1.3102928348821
2016-12-27 12:00:00,0.04793682852673923,0.0,1.309422080565748
2016-12-27 13:00:00,0.04914840664905779,0.0,1.3116231736682524
2016-12-27 14:00:00,0.04550362341266715,0.0,1.3089670438561802
2016-12-27 15:00:00,0.039441368431305114,0.0,1.3038925971852964
2016-12-27 16:00:00,0.03630397989260884,0.0,1.301742193151765
2016-12-27 17:00:00,0.035828807247268425,0.0,1.3022532064566423
2016-12-27 18:00:00,0.03051777001836071,0.0,1.2979275845127087
2016-12-27 19:00:00,0.027489357454446424,0.0,1.2958838454235155
2016-12-27 20:00:00,0.02369410360700725,0.0,1.2930725509839518
2016-12-27 21:00:00,0.0212866953126501,0.0,1.2916484053995991
2016-12-27 22:00:00,0.015454840997792993,0.0,1.2867986786844303
2016-12-27 23:00:00,0.008406399643546317,0.0,1.2807024505617668
2016-12-28 00:00:00,0.004935375716568815,0.0,1.2782438849507036
2016-12-28 01:00:00,0.0023997922965639704,0.0,1.2766884603564277
2016-12-28 02:00:00,0.0027681953446227667,0.0,1.278036838100546
2016-12-28 03:00:00,0.008043383872413065,0.0,1.2842913202630823
2016-12-28 04:00:00,0.02250205822294298,0.0,1.2997285853281422
2016-12-28 05:00:00,0.05107574013728413,0.0,1.329280130608823
2016-12-28 06:00:00,0.07728871002781378,0.0,1.356470211402039
2016-12-28 07:00:00,0.12948057792126552,0.0,1.409638413842694
2016-12-28 08:00:00,0.11709889882701387,0.0,1.3982322718858726
2016-12-28 09:00:00,0.10852037516580972,0.0,1.3906284709752632
2016-12-28 10:00:00,0.06286850147455496,0.0,1.3459504936089002
2016-12-28 11:00:00,0.05125931029343244,0.0,1.3353143657561377
2016-12-28 12:00:00,0.04939816845779534,0.0,1.3344254534174014
2016-12-28 13:00:00,0.05060974658011385,0.0,1.336608432169996
2016-12-28 14:00:00,0.04696496334372321,0.0,1.333934231344151
2016-12-28 15:00:00,0.040902708362361116,0.0,1.3288417565615425
2016-12-28 16:00:00,0.037765319823664927,0.0,1.3266733667980255
2016-12-28 17:00:00,0.03729014717832451,0.0,1.3271664361655893
2016-12-28 18:00:00,0.03197910994941671,0.0,1.322822911443359
2016-12-28 19:00:00,0.028950697385502506,0.0,1.3207613100873228
2016-12-28 20:00:00,0.025155443538063278,0.0,1.3179321932685943
2016-12-28 21:00:00,0.02274803524370621,0.0,1.316490264759993
2016-12-28 22:00:00,0.016916180928849018,0.0,1.311622802369599
2016-12-28 23:00:00,0.009867739574602371,0.0,1.3055094042183548
2016-12-29 00:00:00,0.005846506260631209,0.0,1.3024824002828466
2016-12-29 01:00:00,0.0033109228406263927,0.0,1.300909355147215
2016-12-29 02:00:00,0.0036793258886851335,0.0,1.3022401420137018
2016-12-29 03:00:00,0.00895451441647543,0.0,1.308477071789058
2016-12-29 04:00:00,0.02341318876700543,0.0,1.32389682323533
2016-12-29 05:00:00,0.051986870681346525,0.0,1.3534308939875557
2016-12-29 06:00:00,0.07819984057187612,0.0,1.3806035396747127
2016-12-29 07:00:00,0.13039170846532797,0.0,1.4337543467397913
2016-12-29 08:00:00,0.11801002937107624,0.0,1.4223308493934752
2016-12-29 09:00:00,0.10943150570987212,0.0,1.4147097332609475
2016-12-29 10:00:00,0.06377963201861736,0.0,1.3700144809329213
2016-12-29 11:00:00,0.052170440837494836,0.0,1.3593611183738923
2016-12-29 12:00:00,0.05030929900185774,0.0,1.3584550114778764
2016-12-29 13:00:00,0.051520877124176245,0.0,1.36062083561384
2016-12-29 14:00:00,0.047876093887785576,0.0,1.357929519804565
2016-12-29 15:00:00,0.04181383890642351,0.0,1.352819969271552
2016-12-29 16:00:00,0.03867645036772735,0.0,1.350634542508629
2016-12-29 17:00:00,0.038201277722386906,0.0,1.351110613080428
2016-12-29 18:00:00,0.032890240493479106,0.0,1.3467501271762514
2016-12-29 19:00:00,0.02986182792956493,0.0,1.344671601648861
2016-12-29 20:00:00,0.026066574082125617,0.0,1.3418255970884554
2016-12-29 21:00:00,0.023659165787768634,0.0,1.3403668168677292
2016-12-29 22:00:00,0.017827311472911413,0.0,1.335482546191484
2016-12-29 23:00:00,0.010778870118664765,0.0,1.3293528745414613
2016-12-30 00:00:00,0.00552132753434496,0.0,1.3250722828390364
2016-12-30 01:00:00,0.0029857441143401435,0.0,1.323482534531966
2016-12-30 02:00:00,0.0033541471623988843,0.0,1.3247966450237336
2016-12-30 03:00:00,0.008629335690189182,0.0,1.3310169335974413
2016-12-30 04:00:00,0.02308801004071921,0.0,1.3464200792881464
2016-12-30 05:00:00,0.05166169195506028,0.0,1.3759375800456757
2016-12-30 06:00:00,0.07787466184558985,0.0,1.4030936918234598
2016-12-30 07:00:00,0.13006652973904173,0.0,1.4562280013662734
2016-12-30 08:00:00,0.11768485064478997,0.0,1.4447880431368578
2016-12-30 09:00:00,0.10910632698358587,0.0,1.4371505029422067
2016-12-30 10:00:00,0.06345445329233111,0.0,1.3924388634706106
2016-12-30 11:00:00,0.05184526211120859,0.0,1.3817691506916043
2016-12-30 12:00:00,0.04998412027557146,0.0,1.380846730407859
2016-12-30 13:00:00,0.05119569839788997,0.0,1.3829962778002172
2016-12-30 14:00:00,0.04755091516149941,0.0,1.380288721609199
2016-12-30 15:00:00,0.041488660180137235,0.0,1.3751629666859206
2016-12-30 16:00:00,0.03835127164144107,0.0,1.3729613710760027
2016-12-30 17:00:00,0.03787609899610063,0.0,1.3734213078336854
2016-12-30 18:00:00,0.03256506176719291,0.0,1.3690447225973912
2016-12-30 19:00:00,0.029536649203278708,0.0,1.366950131656077
2016-12-30 20:00:00,0.025741395355839313,0.0,1.3640880950571188
2016-12-30 21:00:00,0.023333987061482386,0.0,1.3626133158018472
2016-12-30 22:00:00,0.017502132746625192,0.0,1.3577130861267233
2016-12-30 23:00:00,0.010453691392378516,0.0,1.351567962108451
2016-12-31 00:00:00,0.004204705751040788,0.0,1.3462795194720416
2016-12-31 01:00:00,0.0016691223310359442,0.0,1.3446739084289805
2016-12-31 02:00:00,0.0020375253790947405,0.0,1.3459721804619744
2016-12-31 03:00:00,0.00731271390688501,0.0,1.3521766628168284
2016-12-31 04:00:00,0.021771388257415036,0.0,1.3675640347960312
2016-12-31 05:00:00,0.0503450701717561,0.0,1.3970657946565777
2016-12-31 06:00:00,0.07655804006228567,0.0,1.4242061986683148
2016-12-31 07:00:00,0.1287499079557376,0.0,1.477324833870957
2016-12-31 08:00:00,0.11636822886148576,0.0,1.4658692349749949
2016-12-31 09:00:00,0.1077897052002817,0.0,1.45821608796846
2016-12-31 10:00:00,0.062137831509026936,0.0,1.413488875640656
2016-12-31 11:00:00,0.05052864032790441,0.0,1.4028036239741801
2016-12-31 12:00:00,0.04866749849226726,0.0,1.4018656986931322
2016-12-31 13:00:00,0.04987907661458579,0.0,1.4039997748077375
2016-12-31 14:00:00,0.04623429337819526,0.0,1.4012767807983353
2016-12-31 15:00:00,0.04017203839683306,0.0,1.3961356211719818
2016-12-31 16:00:00,0.03703464985813687,0.0,1.3939186535561188
2016-12-31 17:00:00,0.036559477212796454,0.0,1.3943632505275425
2016-12-31 18:00:00,0.031248439983888793,0.0,1.389971357208566
2016-12-31 19:00:00,0.028220027419974508,0.0,1.3878614893595758
2016-12-31 20:00:00,0.024424773572535113,0.0,1.38498420651916
2016-12-31 21:00:00,0.022017365278178214,0.0,1.3834942113427657
2016-12-31 22:00:00,0.016185510963321048,0.0,1.3785788027622516
2016-12-31 23:00:00,0.009137069609074344,0.0,1.3724189806960796
