datetime,UCM_basic_forecast,UCM_basic_lower,UCM_basic_upper
2016-10-31 00:00:00,0.002279636561900812,0.0,0.05360570158898216
2016-10-31 01:00:00,6.807342408542832e-05,0.0,0.07151141527430663
2016-10-31 02:00:00,0.0006946912037827588,0.0,0.08773762864382034
2016-10-31 03:00:00,0.005767570913946099,0.0,0.1060167169986488
2016-10-31 04:00:00,0.01979462385375195,0.0,0.1317068745511297
2016-10-31 05:00:00,0.050755789250988344,0.0,0.173229428664967
2016-10-31 06:00:00,0.06524019414393928,0.0,0.19743757644711668
2016-10-31 07:00:00,0.1353467170738808,0.0,0.27660306408876734
2016-10-31 08:00:00,0.10458199023230608,0.0,0.25435301072588457
2016-10-31 09:00:00,0.10896244585941826,0.0,0.2667918142066791
2016-10-31 10:00:00,0.06717423309740538,0.0,0.2326721876013566
2016-10-31 11:00:00,0.04561174629263029,0.0,0.21844035261189443
2016-10-31 12:00:00,0.04655530405422538,0.0,0.22641793264574883
2016-10-31 13:00:00,0.048953359101271944,0.0,0.23558694392570037
2016-10-31 14:00:00,0.044172651035187555,0.0,0.23734184983387435
2016-10-31 15:00:00,0.03834679166043611,0.0,0.23783948510983463
2016-10-31 16:00:00,0.03587544921600556,0.0,0.24149920630521537
2016-10-31 17:00:00,0.0331227649526107,0.0,0.24470202033828958
2016-10-31 18:00:00,0.029693727081529987,0.0,0.24706749252761004
2016-10-31 19:00:00,0.027238558907442475,0.0,0.25025854172667833
2016-10-31 20:00:00,0.022713398777202735,0.0,0.251242434396431
2016-10-31 21:00:00,0.020225972206946673,0.0,0.2541366611750308
2016-10-31 22:00:00,0.014535269892070692,0.0,0.2537061110881028
2016-10-31 23:00:00,0.0075597644832680055,0.0,0.2517079531365522
2016-11-01 00:00:00,0.0022517932367914772,0.0,0.25163157429241406
2016-11-01 01:00:00,4.023009897603791e-05,0.0,0.25436730792101975
2016-11-01 02:00:00,0.0006668478786734169,0.0,0.25985171735212914
2016-11-01 03:00:00,0.005739727588836729,0.0,0.2696950868826644
2016-11-01 04:00:00,0.019766780528642627,0.0,0.28840987744511676
2016-11-01 05:00:00,0.05072794592587897,0.0,0.3239801728770475
2016-11-01 06:00:00,0.06521235081882984,0.0,0.3429988959311152
2016-11-01 07:00:00,0.13531887374877147,0.0,0.41756841892468266
2016-11-01 08:00:00,0.10455414690719675,0.0,0.39119860582225086
2016-11-01 09:00:00,0.10893460253430891,0.0,0.39990889227655935
2016-11-01 10:00:00,0.06714638977229603,0.0,0.36238823059963887
2016-11-01 11:00:00,0.04558390296752091,0.0,0.34503364144287096
2016-11-01 12:00:00,0.04652746072911604,0.0,0.3501279122312483
2016-11-01 13:00:00,0.048925515776162574,0.0,0.3566218230060917
2016-11-01 14:00:00,0.04414480771007821,0.0,0.3558843122761989
2016-11-01 15:00:00,0.038318948335326744,0.0,0.3540510728059106
2016-11-01 16:00:00,0.035847605890896195,0.0,0.35552374389658103
2016-11-01 17:00:00,0.033094921627501384,0.0,0.35666833375802204
2016-11-01 18:00:00,0.02966588375642065,0.0,0.3570915972127483
2016-11-01 19:00:00,0.027210715582333095,0.0,0.3584454258826989
2016-11-01 20:00:00,0.02268555545209337,0.0,0.3576875285568079
2016-11-01 21:00:00,0.020198128881837335,0.0,0.3589270740337186
2016-11-01 22:00:00,0.01450742656696135,0.0,0.35692247297486435
2016-11-01 23:00:00,0.007531921158158629,0.0,0.3534735666660556
2016-11-02 00:00:00,0.0022239499116821007,0.0,0.3519098907078269
2016-11-02 01:00:00,1.2386773866696066e-05,0.0,0.35327509922762723
2016-11-02 02:00:00,0.0006390045535641029,0.0,0.35744621942265536
2016-11-02 03:00:00,0.0057118842637273945,0.0,0.36603026966337143
2016-11-02 04:00:00,0.01973893720353318,0.0,0.3835360513597813
2016-11-02 05:00:00,0.050700102600769625,0.0,0.4179443403146195
2016-11-02 06:00:00,0.06518450749372048,0.0,0.4358450572636964
2016-11-02 07:00:00,0.1352910304236621,0.0,0.5093378403549175
2016-11-02 08:00:00,0.1045263035820874,0.0,0.48193005488354046
2016-11-02 09:00:00,0.10890675920919958,0.0,0.4896388458879758
2016-11-02 10:00:00,0.06711854644718665,0.0,0.45115105978149794
2016-11-02 11:00:00,0.0455560596424116,0.0,0.4328617761135776
2016-11-02 12:00:00,0.04649961740400674,0.0,0.4370519889283693
2016-11-02 13:00:00,0.04889767245105318,0.0,0.44267081790282115
2016-11-02 14:00:00,0.04411696438496881,0.0,0.4410856614912119
2016-11-02 15:00:00,0.03829110501021743,0.0,0.4384307817147182
2016-11-02 16:00:00,0.035819762565786874,0.0,0.4391064869237876
2016-11-02 17:00:00,0.03306707830239197,0.0,0.4394775459375328
2016-11-02 18:00:00,0.029638040431311234,0.0,0.43914955862454486
2016-11-02 19:00:00,0.027182872257223805,0.0,0.4397733398957455
2016-11-02 20:00:00,0.022657712126984052,0.0,0.43830559470230585
2016-11-02 21:00:00,0.020170285556727938,0.0,0.43885456151076413
2016-11-02 22:00:00,0.01447958324185196,0.0,0.4361781389032028
2016-11-02 23:00:00,0.007504077833049322,0.0,0.43209710605883767
2016-11-03 00:00:00,0.0021961065865727866,0.0,0.4298720013524444
2016-11-03 01:00:00,0.0,0.0,0.4306158888290182
2016-11-03 02:00:00,0.0006111612284546708,0.0,0.4341807739245105
2016-11-03 03:00:00,0.005684040938618046,0.0,0.44217341400645227
2016-11-03 04:00:00,0.019711093878423923,0.0,0.4591020270324816
2016-11-03 05:00:00,0.05067225927566023,0.0,0.4929468393628357
2016-11-03 06:00:00,0.06515666416861107,0.0,0.5102972525877263
2016-11-03 07:00:00,0.1352631870985528,0.0,0.5832524128779575
2016-11-03 08:00:00,0.10449846025697804,0.0,0.5553192180177795
2016-11-03 09:00:00,0.10887891588409022,0.0,0.5625143677167486
2016-11-03 10:00:00,0.06709070312207724,0.0,0.5235242833420937
2016-11-03 11:00:00,0.04552821631730228,0.0,0.5047436381144613
2016-11-03 12:00:00,0.04647177407889741,0.0,0.5084530371795648
2016-11-03 13:00:00,0.04886982912594377,0.0,0.5136012276905018
2016-11-03 14:00:00,0.04408912105985942,0.0,0.5115552510939402
2016-11-03 15:00:00,0.038263261685108116,0.0,0.5084490272398918
2016-11-03 16:00:00,0.03579191924067754,0.0,0.5086825366335705
2016-11-03 17:00:00,0.033039234977282644,0.0,0.5086202342252093
2016-11-03 18:00:00,0.0296101971062018,0.0,0.5078674197856433
2016-11-03 19:00:00,0.02715502893211448,0.0,0.5080746218071939
2016-11-03 20:00:00,0.02262986880187471,0.0,0.5061982725217249
2016-11-03 21:00:00,0.020142442231618617,0.0,0.5063463545925654
2016-11-03 22:00:00,0.014451739916742555,0.0,0.5032767339981279
2016-11-03 23:00:00,0.007476234507939952,0.0,0.49882290502235394
2016-11-04 00:00:00,0.0021682632614634725,0.0,0.4962045742331184
2016-11-04 01:00:00,0.0,0.0,0.496576330619861
2016-11-04 02:00:00,0.0005833179033452943,0.0,0.49977548332213645
2016-11-04 03:00:00,0.005656197613508704,0.0,0.507408819501613
2016-11-04 04:00:00,0.01968325055331461,0.0,0.5239843800075644
2016-11-04 05:00:00,0.05064441595055082,0.0,0.5574822221023557
2016-11-04 06:00:00,0.06512882084350166,0.0,0.5744915850809805
2016-11-04 07:00:00,0.1352353437734435,0.0,0.6471114586442915
2016-11-04 08:00:00,0.10447061693186871,0.0,0.618848589108717
2016-11-04 09:00:00,0.10885107255898088,0.0,0.6257195290623366
2016-11-04 10:00:00,0.06706285979696788,0.0,0.5864105566033757
2016-11-04 11:00:00,0.0455003729921929,0.0,0.5673162051853852
2016-11-04 12:00:00,0.046443930753788075,0.0,0.5707169434579243
2016-11-04 13:00:00,0.04884198580083442,0.0,0.5755613852162419
2016-11-04 14:00:00,0.04406127773475004,0.0,0.5732164416392385
2016-11-04 15:00:00,0.03823541835999879,0.0,0.5698159054298266
2016-11-04 16:00:00,0.035764075915568176,0.0,0.569759633176044
2016-11-04 17:00:00,0.03301139165217329,0.0,0.569411959328733
2016-11-04 18:00:00,0.029582353781092426,0.0,0.5683780668375188
2016-11-04 19:00:00,0.02712718560700514,0.0,0.5683083713681715
2016-11-04 20:00:00,0.022602025476765403,0.0,0.5661591966958734
2016-11-04 21:00:00,0.0201145989065092,0.0,0.5660384239175941
2016-11-04 22:00:00,0.014423896591633213,0.0,0.5627039646418385
2016-11-04 23:00:00,0.00744839118283061,0.0,0.5579980394062192
2016-11-05 00:00:00,0.00214041993635411,0.0,0.5551126018892838
2016-11-05 01:00:00,0.0,0.0,0.5552305850147883
2016-11-05 02:00:00,0.0005554745782359663,0.0,0.5581793401974721
2016-11-05 03:00:00,0.005628354288399334,0.0,0.5655657268645963
2016-11-05 04:00:00,0.01965540722820528,0.0,0.5818977138897989
2016-11-05 05:00:00,0.05061657262544146,0.0,0.6151552894852405
2016-11-05 06:00:00,0.06510097751839225,0.0,0.631927626147044
2016-11-05 07:00:00,0.13520750044833413,0.0,0.7043136484923511
2016-11-05 08:00:00,0.10444277360675944,0.0,0.6758200390224033
2016-11-05 09:00:00,0.10882322923387154,0.0,0.6824632874343249
2016-11-05 10:00:00,0.0670350164718585,0.0,0.6429296096172213
2016-11-05 11:00:00,0.04547252966708355,0.0,0.6236134773466755
2016-11-05 12:00:00,0.046416087428678726,0.0,0.6267952980521074
2016-11-05 13:00:00,0.04881414247572501,0.0,0.6314236247573577
2016-11-05 14:00:00,0.04403343440964075,0.0,0.6288653083654696
2016-11-05 15:00:00,0.038207575034889404,0.0,0.6252540818991876
2016-11-05 16:00:00,0.03573623259045883,0.0,0.6249897430167524
2016-11-05 17:00:00,0.03298354832706393,0.0,0.6244365682000474
2016-11-05 18:00:00,0.029554510455983084,0.0,0.6231996836536918
2016-11-05 19:00:00,0.02709934228189575,0.0,0.6229294498273132
2016-11-05 20:00:00,0.022574182151656026,0.0,0.6205821371583039
2016-11-05 21:00:00,0.020086755581399857,0.0,0.6202655772081738
2016-11-05 22:00:00,0.014396053266523899,0.0,0.6167377390508497
2016-11-05 23:00:00,0.007420547857721234,0.0,0.6118472954930786
2016-11-06 00:00:00,0.0021125766112447195,0.0,0.6087657752090233
2016-11-06 01:00:00,0.0,0.0,0.6086970150704414
2016-11-06 02:00:00,0.0005276312531266522,0.0,0.6114610495325187
2016-11-06 03:00:00,0.0056005109632899785,0.0,0.6186648108113685
2016-11-06 04:00:00,0.019627563903095925,0.0,0.6348162332324059
2016-11-06 05:00:00,0.05058872930033205,0.0,0.6678952718683738
2016-11-06 06:00:00,0.06507313419328298,0.0,0.6844910670214885
2016-11-06 07:00:00,0.13517965712322477,0.0,0.7567025116928101
2016-11-06 08:00:00,0.10441493028165005,0.0,0.7280362570389389
2016-11-06 09:00:00,0.10879538590876221,0.0,0.7345087614496844
2016-11-06 10:00:00,0.06700717314674912,0.0,0.6948062093832746
2016-11-06 11:00:00,0.04544468634197418,0.0,0.675323040966668
2016-11-06 12:00:00,0.04638824410356949,0.0,0.6783396317255261
2016-11-06 13:00:00,0.0487862991506156,0.0,0.6828045025350481
2016-11-06 14:00:00,0.044005591084531344,0.0,0.6800844719569918
2016-11-06 15:00:00,0.038179731709780076,0.0,0.6763132405730083
2016-11-06 16:00:00,0.03570838926534952,0.0,0.6758905736353955
2016-11-06 17:00:00,0.03295570500195451,0.0,0.6751807154338787
2016-11-06 18:00:00,0.02952666713087368,0.0,0.673788760415227
2016-11-06 19:00:00,0.027071498956786413,0.0,0.6733650379601698
2016-11-06 20:00:00,0.02254633882654674,0.0,0.670865788417508
2016-11-06 21:00:00,0.02005891225629046,0.0,0.670398815751393
2016-11-06 22:00:00,0.014368209941414536,0.0,0.6667221438722093
2016-11-06 23:00:00,0.007392704532611885,0.0,0.6616894605686605
2016-11-07 00:00:00,0.0020847332861354193,0.0,0.6584564607874782
2016-11-07 01:00:00,0.0,0.0,0.6582432059451213
2016-11-07 02:00:00,0.0004997879280172965,0.0,0.6608640633411638
2016-11-07 03:00:00,0.005572667638180595,0.0,0.6679260304535639
2016-11-07 04:00:00,0.01959972057798668,0.0,0.6839370231744191
2016-11-07 05:00:00,0.05056088597522261,0.0,0.7168769789632259
2016-11-07 06:00:00,0.0650452908681736,0.0,0.7333350209789992
2016-11-07 07:00:00,0.1351518137981154,0.0,0.805410025271108
2016-11-07 08:00:00,0.1043870869565407,0.0,0.7766086260029872
2016-11-07 09:00:00,0.10876754258365286,0.0,0.7829472643516451
2016-11-07 10:00:00,0.06697932982163979,0.0,0.7431121072209329
2016-11-07 11:00:00,0.0454168430168648,0.0,0.7234975767715252
2016-11-07 12:00:00,0.046360400778460195,0.0,0.726384030124837
2016-11-07 13:00:00,0.048758455825506225,0.0,0.7307199693252068
2016-11-07 14:00:00,0.04397774775942197,0.0,0.7278721937215393
2016-11-07 15:00:00,0.03815188838467074,0.0,0.7239743843777517
2016-11-07 16:00:00,0.03568054594024015,0.0,0.7234262868346693
2016-11-07 17:00:00,0.03292786167684516,0.0,0.722592125623583
2016-11-07 18:00:00,0.029498823805764317,0.0,0.7210769755672269
2016-11-07 19:00:00,0.02704365563167703,0.0,0.7205311467667975
2016-11-07 20:00:00,0.022518495501437398,0.0,0.7179108608772878
2016-11-07 21:00:00,0.020031068931181138,0.0,0.7173239049764851
2016-11-07 22:00:00,0.014340366616305146,0.0,0.7135283521429435
2016-11-07 23:00:00,0.007364861207502529,0.0,0.7083819296907454
2016-11-08 00:00:00,0.0020568899610260774,0.0,0.7050275991200549
2016-11-08 01:00:00,0.0,0.0,0.7046984794889919
2016-11-08 02:00:00,0.000471944602907913,0.0,0.707204383055765
2016-11-08 03:00:00,0.005544824313071267,0.0,0.7141523642818826
2016-11-08 04:00:00,0.019571877252877352,0.0,0.730050328501879
2016-11-08 05:00:00,0.050533042650113214,0.0,0.7628782031624821
2016-11-08 06:00:00,0.06501744754306427,0.0,0.7792251016760253
2016-11-08 07:00:00,0.1351239704730061,0.0,0.85118989038867
2016-11-08 08:00:00,0.10435924363143131,0.0,0.8222791936171063
2016-11-08 09:00:00,0.10873969925854347,0.0,0.8285094424045696
2016-11-08 10:00:00,0.06695148649653046,0.0,0.7885667931355997
2016-11-08 11:00:00,0.04538899969175543,0.0,0.7688456570090527
2016-11-08 12:00:00,0.04633255745335084,0.0,0.7716263797208507
2016-11-08 13:00:00,0.048730612500396814,0.0,0.775857451435412
2016-11-08 14:00:00,0.043949904434312674,0.0,0.772905659203774
2016-11-08 15:00:00,0.038124045059561414,0.0,0.7689046714373031
2016-11-08 16:00:00,0.03565270261513076,0.0,0.7682542207611138
2016-11-08 17:00:00,0.03290001835173573,0.0,0.7673185186489591
2016-11-08 18:00:00,0.029470980480655086,0.0,0.7657026268747423
2016-11-08 19:00:00,0.02701581230656766,0.0,0.7650568426747318
2016-11-08 20:00:00,0.022490652176328008,0.0,0.7623373752249152
2016-11-08 21:00:00,0.020003225606071734,0.0,0.7616520005223208
2016-11-08 22:00:00,0.014312523291195846,0.0,0.7577588350327819
2016-11-08 23:00:00,0.00733701788239316,0.0,0.7525189482409493
2016-11-09 00:00:00,0.0020290466359167217,0.0,0.7490647775253353
2016-11-09 01:00:00,0.0,0.0,0.7486402395379783
2016-11-09 02:00:00,0.0004441012777985573,0.0,0.7510513831293256
2016-11-09 03:00:00,0.005516980987961939,0.0,0.7579053123640183
2016-11-09 04:00:00,0.019544033927767955,0.0,0.7737099262317195
2016-11-09 05:00:00,0.050505199325003844,0.0,0.806445146231049
2016-11-09 06:00:00,0.06498960421795494,0.0,0.8227000799934381
2016-11-09 07:00:00,0.13509612714789673,0.0,0.8945735880673235
2016-11-09 08:00:00,0.10433140030632196,0.0,0.8655722887996586
2016-11-09 09:00:00,0.1087118559334341,0.0,0.8717126069723979
2016-11-09 10:00:00,0.06692364317142112,0.0,0.8316806923347999
2016-11-09 11:00:00,0.0453611563666461,0.0,0.8118709490283631
2016-11-09 12:00:00,0.046304714128241456,0.0,0.8145637152512226
2016-11-09 13:00:00,0.048702769175287416,0.0,0.8187074732365808
2016-11-09 14:00:00,0.043922061109203374,0.0,0.8156690017006345
2016-11-09 15:00:00,0.038096201734452065,0.0,0.8115819603686445
2016-11-09 16:00:00,0.035624859290021425,0.0,0.8108460729046527
2016-11-09 17:00:00,0.032872175026626316,0.0,0.8098255416480645
2016-11-09 18:00:00,0.029443137155545772,0.0,0.8081254191919366
2016-11-09 19:00:00,0.02698796898145831,0.0,0.8073959936933982
2016-11-09 20:00:00,0.022462808851218617,0.0,0.8045934655226508
2016-11-09 21:00:00,0.01997538228096235,0.0,0.8038256029999791
2016-11-09 22:00:00,0.01428467996608656,0.0,0.7998505608228813
2016-11-09 23:00:00,0.007309174557283776,0.0,0.7945322319449035
2016-11-10 00:00:00,0.002001203310807366,0.0,0.7909941694214934
2016-11-10 01:00:00,0.0,0.0,0.790489408413189
2016-11-10 02:00:00,0.00041625795268921545,0.0,0.7928208214820766
2016-11-10 03:00:00,0.0054891376628525695,0.0,0.7995955560619579
2016-11-10 04:00:00,0.019516190602658613,0.0,0.8153215072075627
2016-11-10 05:00:00,0.05047735599989446,0.0,0.8479785927906496
2016-11-10 06:00:00,0.06496176089284561,0.0,0.8641559169301791
2016-11-10 07:00:00,0.13506828382278735,0.0,0.9359523366207284
2016-11-10 08:00:00,0.10430355698121269,0.0,0.9068744664822148
2016-11-10 09:00:00,0.10868401260832468,0.0,0.9129387272945161
2016-11-10 10:00:00,0.06689579984631178,0.0,0.8728312644591708
2016-11-10 11:00:00,0.04533331304153673,0.0,0.8529464773827655
2016-11-10 12:00:00,0.04627687080313211,0.0,0.8555646991249735
2016-11-10 13:00:00,0.04867492585017802,0.0,0.8596344063821593
2016-11-10 14:00:00,0.04389421778409408,0.0,0.8565223719599188
2016-11-10 15:00:00,0.03806835840934263,0.0,0.8523622493430784
2016-11-10 16:00:00,0.035597015964912125,0.0,0.8515537556899264
2016-11-10 17:00:00,0.032844331701516946,0.0,0.8504610866552725
2016-11-10 18:00:00,0.029415293830436437,0.0,0.8486892880770375
2016-11-10 19:00:00,0.026960125656348893,0.0,0.8478886414138265
2016-11-10 20:00:00,0.022434965526109317,0.0,0.8450153405417663
2016-11-10 21:00:00,0.019947538955852953,0.0,0.8441771482266902
2016-11-10 22:00:00,0.01425683664097726,0.0,0.8401322529819965
2016-11-10 23:00:00,0.007281331232174393,0.0,0.8347469731735677
2016-11-11 00:00:00,0.001973359985698024,0.0,0.8311372340267219
2016-11-11 01:00:00,0.0,0.0,0.830563901718798
2016-11-11 02:00:00,0.0003884146275798875,0.0,0.8328271221620902
2016-11-11 03:00:00,0.0054612943377432,0.0,0.8395340809668819
2016-11-11 04:00:00,0.01948834727754923,0.0,0.8551926707044704
2016-11-11 05:00:00,0.05044951267478513,0.0,0.8877828070134385
2016-11-11 06:00:00,0.06493391756773628,0.0,0.9038935918633955
2016-11-11 07:00:00,0.135040440497678,0.0,0.9756238800491566
2016-11-11 08:00:00,0.10427571365610327,0.0,0.9464802838266038
2016-11-11 09:00:00,0.10865616928321534,0.0,0.9524792213590337
2016-11-11 10:00:00,0.06686795652120245,0.0,0.9123068351174122
2016-11-11 11:00:00,0.04530546971642737,0.0,0.8923575212272948
2016-11-11 12:00:00,0.04624902747802279,0.0,0.8949116091020886
2016-11-11 13:00:00,0.048647082525068656,0.0,0.8989175714304459
2016-11-11 14:00:00,0.04386637445898473,0.0,0.8957421766694111
2016-11-11 15:00:00,0.03804051508423328,0.0,0.8915190736517792
2016-11-11 16:00:00,0.035569172639802756,0.0,0.8906479746356291
2016-11-11 17:00:00,0.032816488376407556,0.0,0.8894930702019003
2016-11-11 18:00:00,0.029387450505327074,0.0,0.8876594010347054
2016-11-11 19:00:00,0.026932282331239538,0.0,0.8867972434693658
2016-11-11 20:00:00,0.022407122201000003,0.0,0.8838627864181392
2016-11-11 21:00:00,0.019919695630743597,0.0,0.8829637884826158
2016-11-11 22:00:00,0.014228993315867876,0.0,0.8788584682540098
2016-11-11 23:00:00,0.007253487907065051,0.0,0.8734152562300702
2016-11-12 00:00:00,0.0019455166605886962,0.0,0.8697434376032759
2016-11-12 01:00:00,0.0,0.0,0.8691106968802796
2016-11-12 02:00:00,0.00036057130247054564,0.0,0.8713148066709764
2016-11-12 03:00:00,0.005433451012633789,0.0,0.8779629864370752
2016-11-12 04:00:00,0.019460503952439985,0.0,0.8935631271765585
2016-11-12 05:00:00,0.050421669349675693,0.0,0.9260951431646863
2016-11-12 06:00:00,0.06490607424262695,0.0,0.9421481350726392
2016-11-12 07:00:00,0.13501259717256858,0.0,1.0138209563443827
2016-11-12 08:00:00,0.10424787033099397,0.0,0.9846202177328076
2016-11-12 09:00:00,0.10862832595810595,0.0,0.9905623356685773
2016-11-12 10:00:00,0.06684011319609312,0.0,0.9503334506062369
2016-11-12 11:00:00,0.04527762639131797,0.0,0.9303279563387621
2016-11-12 12:00:00,0.046221184152913444,0.0,0.9328261796173688
2016-11-12 13:00:00,0.04861923919995931,0.0,0.9367765901416751
2016-11-12 14:00:00,0.043838531133875404,0.0,0.9335459530703248
2016-11-12 15:00:00,0.038012671759123866,0.0,0.9292679136605294
2016-11-12 16:00:00,0.03554132931469345,0.0,0.9283421803655827
2016-11-12 17:00:00,0.03278864505129822,0.0,0.927132939797404
2016-11-12 18:00:00,0.029359607180217746,0.0,0.9252452285888849
2016-11-12 19:00:00,0.02690443900613007,0.0,0.9243293190389389
2016-11-12 20:00:00,0.022379278875890703,0.0,0.921341396151801
2016-11-12 21:00:00,0.01989185230563424,0.0,0.9203892153132855
2016-11-12 22:00:00,0.014201149990758534,0.0,0.9162310220302595
2016-11-12 23:00:00,0.00722564458195564,0.0,0.910737107184834
2016-11-13 00:00:00,0.0019176733354793682,0.0,0.9070109090546249
2016-11-13 01:00:00,0.0,0.0,0.9063261170545622
2016-11-13 02:00:00,0.00033272797736124543,0.0,0.9084784141176728
2016-11-13 03:00:00,0.005405607687524405,0.0,0.9150750499356191
2016-11-13 04:00:00,0.0194326606273306,0.0,0.9306239145221226
2016-11-13 05:00:00,0.05039382602456635,0.0,0.9631049213486467
2016-11-13 06:00:00,0.0648782309175176,0.0,0.9791071703350307
2016-11-13 07:00:00,0.13498475384745928,0.0,1.0507295141226476
2016-11-13 08:00:00,0.10422002700588456,0.0,1.0214785625222311
2016-11-13 09:00:00,0.10860048263299663,0.0,1.0273707308139601
2016-11-13 10:00:00,0.06681226987098376,0.0,0.9870921580453683
2016-11-13 11:00:00,0.0452497830662086,0.0,0.9670372363169044
2016-11-13 12:00:00,0.046193340827804096,0.0,0.969486290389432
2016-11-13 13:00:00,0.048591395874849924,0.0,0.9733877876764031
2016-11-13 14:00:00,0.04381068780876613,0.0,0.9701084907694905
2016-11-13 15:00:00,0.03798482843401443,0.0,0.9657820421061689
2016-11-13 16:00:00,0.03551348598958413,0.0,0.9648081471093054
2016-11-13 17:00:00,0.03276080172618882,0.0,0.9635509892069265
2016-11-13 18:00:00,0.02933176385510846,0.0,0.9616156017670769
2016-11-13 19:00:00,0.026876595681020674,0.0,0.9606522538288889
2016-11-13 20:00:00,0.02235143555078132,0.0,0.9576171272428817
2016-11-13 21:00:00,0.019864008980524928,0.0,0.9566179748486414
2016-11-13 22:00:00,0.014173306665649206,0.0,0.9524130663833056
2016-11-13 23:00:00,0.007197801256846256,0.0,0.9468743472468869
2016-11-14 00:00:00,0.0018898300103699708,0.0,0.9431000569577009
2016-11-14 01:00:00,0.0,0.0,0.94236922488799
2016-11-14 02:00:00,0.00030488465225191747,0.0,0.9444756760283152
2016-11-14 03:00:00,0.005377764362414994,0.0,0.9510266872457551
2016-11-14 04:00:00,0.01940481730222126,0.0,0.9665301479606841
2016-11-14 05:00:00,0.05036598269945701,0.0,0.9989659712091268
2016-11-14 06:00:00,0.06485038759240833,0.0,1.0149232565193407
2016-11-14 07:00:00,0.13495691052234987,0.0,1.086500856092407
2016-11-14 08:00:00,0.10419218368077524,0.0,1.0572053791711304
2016-11-14 09:00:00,0.10857263930788726,0.0,1.0630532402785549
2016-11-14 10:00:00,0.06678442654587441,0.0,1.0227305774726236
2016-11-14 11:00:00,0.04522193974109925,0.0,1.0026317816055752
2016-11-14 12:00:00,0.046165497502694816,0.0,1.0050371759201437
2016-11-14 13:00:00,0.048563552549740506,0.0,1.0088952260431778
2016-11-14 14:00:00,0.04378284448365671,0.0,1.0055726925243096
2016-11-14 15:00:00,0.037956985108905106,0.0,1.0012032155282082
2016-11-14 16:00:00,0.035485642664474855,0.0,1.0001864980114128
2016-11-14 17:00:00,0.0327329584010794,0.0,0.9988867207929578
2016-11-14 18:00:00,0.029303920529999077,0.0,0.9969089145538781
2016-11-14 19:00:00,0.026848752355911373,0.0,0.9959033456451857
2016-11-14 20:00:00,0.022323592225672005,0.0,0.9928261933187135
2016-11-14 21:00:00,0.019836165655415516,0.0,0.9917852083543954
2016-11-14 22:00:00,0.014145463340539795,0.0,0.9875386824259044
2016-11-14 23:00:00,0.007169957931736942,0.0,0.9819600445814713
2016-11-15 00:00:00,0.0018619866852606429,0.0,0.9781428732792524
2016-11-15 01:00:00,0.0,0.0,0.9773709860819023
2016-11-15 02:00:00,0.0002770413271425201,0.0,0.9794365422476474
2016-11-15 03:00:00,0.005349921037305652,0.0,0.9859468432222558
2016-11-15 04:00:00,0.019376973977112,0.0,1.0014097780972813
2016-11-15 05:00:00,0.0503381393743475,0.0,1.0338052597200442
2016-11-15 06:00:00,0.064822544267299,0.0,1.0497223874677373
2016-11-15 07:00:00,0.13492906719724052,0.0,1.1212600133447213
2016-11-15 08:00:00,0.10416434035566588,0.0,1.091924746280318
2016-11-15 09:00:00,0.10854479598277787,0.0,1.097733000311794
2016-11-15 10:00:00,0.06675658322076508,0.0,1.0573709127999227
2016-11-15 11:00:00,0.045194096415989864,0.0,1.037232873664628
2016-11-15 12:00:00,0.04613765417758547,0.0,1.0395992049707719
2016-11-15 13:00:00,0.04853570922463115,0.0,1.0434183709227984
2016-11-15 14:00:00,0.043755001158547364,0.0,1.0400571304148376
2016-11-15 15:00:00,0.03792914178379571,0.0,1.03564912174486
2016-11-15 16:00:00,0.0354577993393655,0.0,1.0345940458247498
2016-11-15 17:00:00,0.032705115075970084,0.0,1.0332560812964815
2016-11-15 18:00:00,0.029276077204889693,0.0,1.0312402565896923
2016-11-15 19:00:00,0.026820909030802018,0.0,1.030196835798927
2016-11-15 20:00:00,0.02229574890056265,0.0,1.0270819959962223
2016-11-15 21:00:00,0.01980832233030619,0.0,1.0260034862644278
2016-11-15 22:00:00,0.014117620015430453,0.0,1.0217196182418091
2016-11-15 23:00:00,0.007142114606627531,0.0,1.0161051609737815
2016-11-16 00:00:00,0.0018341433601513288,0.0,1.0122494837223655
2016-11-16 01:00:00,0.0,0.0,1.011440728462588
2016-11-16 02:00:00,0.0002491980020331644,0.0,1.0134695502256015
2016-11-16 03:00:00,0.005322077712196255,0.0,1.0199432728109918
2016-11-16 04:00:00,0.01934913065200263,0.0,1.0353697851631438
2016-11-16 05:00:00,0.05031029604923817,0.0,1.0677290001079165
2016-11-16 06:00:00,0.06479470094218964,0.0,1.0836100170340137
2016-11-16 07:00:00,0.1349012238721312,0.0,1.1551116879147936
2016-11-16 08:00:00,0.10413649703055647,0.0,1.1257406215415644
2016-11-16 09:00:00,0.10851695265766854,0.0,1.1315132316561511
2016-11-16 10:00:00,0.06672873989565573,0.0,1.0911156551308947
2016-11-16 11:00:00,0.04516625309088052,0.0,1.070942281182618
2016-11-16 12:00:00,0.046109810852476105,0.0,1.073273430948784
2016-11-16 13:00:00,0.048507865899521774,0.0,1.0770575674828549
2016-11-16 14:00:00,0.04372715783343802,0.0,1.0736614483145106
2016-11-16 15:00:00,0.03790129845868634,0.0,1.0692187101833992
2016-11-16 16:00:00,0.03542995601425616,0.0,1.0681290522790898
2016-11-16 17:00:00,0.032677271750860715,0.0,1.0667566513983304
2016-11-16 18:00:00,0.02924823387978038,0.0,1.0647065340551272
2016-11-16 19:00:00,0.026793065705692662,0.0,1.0636289624207713
2016-11-16 20:00:00,0.02226790557545332,0.0,1.0604801117106837
2016-11-16 21:00:00,0.019780479005196763,0.0,1.0593677295867505
2016-11-16 22:00:00,0.014089776690321125,0.0,1.0550501459453328
2016-11-16 23:00:00,0.007114271281518189,0.0,1.0494033477064137
2016-11-17 00:00:00,0.001806300035041973,0.0,1.0455128789551325
2016-11-17 01:00:00,0.0,0.0,1.0446708118698522
2016-11-17 02:00:00,0.00022135467692380867,0.0,1.046666434496404
2016-11-17 03:00:00,0.005294234387086913,0.0,1.0531070910675986
2016-11-17 04:00:00,0.019321287326893304,0.0,1.0685006705066684
2016-11-17 05:00:00,0.05028245272412871,0.0,1.1008270857321285
2016-11-17 06:00:00,0.06476685761708037,0.0,1.11667543625468
2016-11-17 07:00:00,0.13487338054702183,0.0,1.1881445741301977
2016-11-17 08:00:00,0.10410865370544711,0.0,1.1587411081341756
2016-11-17 09:00:00,0.10848910933255917,0.0,1.1644814518482511
2016-11-17 10:00:00,0.06670089657054643,0.0,1.1240517418076892
2016-11-17 11:00:00,0.04513840976577115,0.0,1.103846366695463
2016-11-17 12:00:00,0.04608196752736677,0.0,1.1061456469094897
2016-11-17 13:00:00,0.048480022574412335,0.0,1.1098980445584596
2016-11-17 14:00:00,0.04369931450832872,0.0,1.1064703160310838
2016-11-17 15:00:00,0.037873455133577,0.0,1.1019960967474935
2016-11-17 16:00:00,0.035402112689146815,0.0,1.1008750844262238
2016-11-17 17:00:00,0.032649428425751276,0.0,1.0994714542787476
2016-11-17 18:00:00,0.029220390554671107,0.0,1.0973902311673158
2016-11-17 19:00:00,0.026765222380583306,0.0,1.0962816756022074
2016-11-17 20:00:00,0.022240062250343924,0.0,1.0931019611964155
2016-11-17 21:00:00,0.01975263568008738,0.0,1.0919588344052131
2016-11-17 22:00:00,0.014061933365211839,0.0,1.087610641896784
2016-11-17 23:00:00,0.007086427956408833,0.0,1.0819344836230418
2016-11-18 00:00:00,0.0017784567099326035,0.0,1.0780124080854414
2016-11-18 01:00:00,0.0,0.0,1.0771400792803942
2016-11-18 02:00:00,0.00019351135181449458,0.0,1.0791055360494504
2016-11-18 03:00:00,0.005266391061977557,0.0,1.0855161413890098
2016-11-18 04:00:00,0.01929344400178392,0.0,1.1008797842890872
2016-11-18 05:00:00,0.05025460939901934,0.0,1.1331763778387782
2016-11-18 06:00:00,0.0647390142919711,0.0,1.1489950217458127
2016-11-18 07:00:00,0.1348455372219124,0.0,1.2204345682264433
2016-11-18 08:00:00,0.10408081038033778,0.0,1.1910016261259182
2016-11-18 09:00:00,0.10846126600744978,0.0,1.1967126089627411
2016-11-18 10:00:00,0.06667305324543711,0.0,1.1562536530462866
2016-11-18 11:00:00,0.04511056644066179,0.0,1.1360191466525598
2016-11-18 12:00:00,0.0460541242022574,0.0,1.1382894095831404
2016-11-18 13:00:00,0.04845217924930298,0.0,1.1420129031613047
2016-11-18 14:00:00,0.043671471183219394,0.0,1.1385563828093808
2016-11-18 15:00:00,0.037845611808467586,0.0,1.1340534828161442
2016-11-18 16:00:00,0.0353742693640375,0.0,1.1329038996283982
2016-11-18 17:00:00,0.03262158510064192,0.0,1.1314718070795098
2016-11-18 18:00:00,0.02919254722956175,0.0,1.129362228590921
2016-11-18 19:00:00,0.02673737905547391,0.0,1.128225423221828
2016-11-18 20:00:00,0.02221221892523457,0.0,1.1250175631861397
2016-11-18 21:00:00,0.019724792354978093,0.0,1.1238463939017658
2016-11-18 22:00:00,0.014034090040102455,0.0,1.1194702775063166
2016-11-18 23:00:00,0.007058584631299436,0.0,1.1137673361918647
2016-11-19 00:00:00,0.0017506133848232755,0.0,1.109816408234252
2016-11-19 01:00:00,0.0,0.0,1.108916456443583
2016-11-19 02:00:00,0.00016566802670513886,0.0,1.1108543724239057
2016-11-19 03:00:00,0.005238547736868146,0.0,1.1172375364742009
2016-11-19 04:00:00,0.01926560067667455,0.0,1.1325738377126862
2016-11-19 05:00:00,0.050226766073910065,0.0,1.1648431894519289
2016-11-19 06:00:00,0.06471117096686174,0.0,1.1806346916472048
2016-11-19 07:00:00,0.13481769389680304,0.0,1.2520471967282714
2016-11-19 08:00:00,0.10405296705522843,0.0,1.2225873136700938
2016-11-19 09:00:00,0.10843342268234037,0.0,1.2282714559981465
2016-11-19 10:00:00,0.0666452099203278,0.0,1.1877857598784611
2016-11-19 11:00:00,0.04508272311555239,0.0,1.167524613276451
2016-11-19 12:00:00,0.046026280877148086,0.0,1.1697683355081276
2016-11-19 13:00:00,0.04842433592419358,0.0,1.1734653872363778
2016-11-19 14:00:00,0.043643627858110094,0.0,1.1699825230556489
2016-11-19 15:00:00,0.0378177684833582,0.0,1.165453376273921
2016-11-19 16:00:00,0.035346426038928146,0.0,1.1642776422267802
2016-11-19 17:00:00,0.032593741775532536,0.0,1.1628194935371279
2016-11-19 18:00:00,0.029164703904452437,0.0,1.1606839523568038
2016-11-19 19:00:00,0.026709535730364525,0.0,1.1595212764645215
2016-11-19 20:00:00,0.022184375600125227,0.0,1.156287636840248
2016-11-19 21:00:00,0.019696949029868738,0.0,1.155090778000201
2016-11-19 22:00:00,0.014006246714993113,0.0,1.1506890764035786
2016-11-19 23:00:00,0.0070307413061900526,0.0,1.1449615972482785
2016-11-20 00:00:00,0.0017227700597139337,0.0,1.140984217571286
2016-11-20 01:00:00,0.0,0.0,1.1400589433123034
2016-11-20 02:00:00,0.00013782470159579702,0.0,1.1419716078034796
2016-11-20 03:00:00,0.005210704411758749,0.0,1.148329607360136
2016-11-20 04:00:00,0.019237757351565167,0.0,1.163640831271399
2016-11-20 05:00:00,0.050198922748800764,0.0,1.1958851931086527
2016-11-20 06:00:00,0.06468332764175239,0.0,1.211651793108086
2016-11-20 07:00:00,0.13478985057169368,0.0,1.2830394839486994
2016-11-20 08:00:00,0.10402512373011902,0.0,1.2535548747769991
2016-11-20 09:00:00,0.10840557935723101,0.0,1.2592143791762314
2016-11-20 10:00:00,0.06661736659521844,0.0,1.2187041332308994
2016-11-20 11:00:00,0.045054879790443036,0.0,1.1984185246698698
2016-11-20 12:00:00,0.04599843755203877,0.0,1.200637872410373
2016-11-20 13:00:00,0.048396492599084184,0.0,1.2043106365543332
2016-11-20 14:00:00,0.04361578453300078,0.0,1.2008035709797178
2016-11-20 15:00:00,0.03778992515824882,0.0,1.1962503081358558
2016-11-20 16:00:00,0.03531858271381882,0.0,1.195050542378177
2016-11-20 17:00:00,0.03256589845042314,0.0,1.193568445256621
2016-11-20 18:00:00,0.02913686057934311,0.0,1.191409037794267
2016-11-20 19:00:00,0.026681692405255128,0.0,1.1902225766298604
2016-11-20 20:00:00,0.0221565322750159,0.0,1.1869652316453514
2016-11-20 21:00:00,0.019669105704759368,0.0,1.1857447465655102
2016-11-20 22:00:00,0.013978403389883785,0.0,1.1813195111540442
2016-11-20 23:00:00,0.007002897981080655,0.0,1.1755694639851773
2016-11-21 00:00:00,0.0016949267346046196,0.0,1.171567739627169
2016-11-21 01:00:00,0.0,0.0,1.170619162475045
2016-11-21 02:00:00,0.00010998137648645517,0.0,1.1725085857547308
2016-11-21 03:00:00,0.005182861086649393,0.0,1.178843420659129
2016-11-21 04:00:00,0.01920991402645581,0.0,1.1941315566776156
2016-11-21 05:00:00,0.050171079423691395,0.0,1.226352907663313
2016-11-21 06:00:00,0.06465548431664314,0.0,1.2420965741545666
2016-11-21 07:00:00,0.13476200724658421,0.0,1.313461409103016
2016-11-21 08:00:00,0.10399728040500972,0.0,1.2839540218555308
2016-11-21 09:00:00,0.10837773603212163,0.0,1.2895908260899334
2016-11-21 10:00:00,0.06658952327010911,0.0,1.2490579578557848
2016-11-21 11:00:00,0.04502703646533368,0.0,1.2287498047028622
2016-11-21 12:00:00,0.045970594226929375,0.0,1.2309466852184037
2016-11-21 13:00:00,0.048368649273974856,0.0,1.2345970590234125
2016-11-21 14:00:00,0.04358794120789145,0.0,1.2310676793700936
2016-11-21 15:00:00,0.03776208183313942,0.0,1.2264921779494542
2016-11-21 16:00:00,0.035290739388709476,0.0,1.2252702482450994
2016-11-21 17:00:00,0.03253805512531381,0.0,1.2237660608481784
2016-11-21 18:00:00,0.029109017254233767,0.0,1.2215846357702742
2016-11-21 19:00:00,0.026653849080145703,0.0,1.220376228627299
2016-11-21 20:00:00,0.022128688949906584,0.0,1.2170970083164185
2016-11-21 21:00:00,0.01964126237965004,0.0,1.2158547178616383
2016-11-21 22:00:00,0.013950560064774388,0.0,1.2114077594254373
2016-11-21 23:00:00,0.006975054655971286,0.0,1.2056368833852025
2016-11-22 00:00:00,0.00166708340949525,0.0,1.201612675272523
2016-11-22 01:00:00,0.0,0.0,1.2006425792701798
2016-11-22 02:00:00,8.213805137712721e-05,0.0,1.2025105376081398
2016-11-22 03:00:00,0.005155017761539982,0.0,1.2088239753434513
2016-11-22 04:00:00,0.01918207070134647,0.0,1.224090782185439
2016-11-22 05:00:00,0.05014323609858205,0.0,1.2562908722830253
2016-11-22 06:00:00,0.06462764099153373,0.0,1.2720133464893233
2016-11-22 07:00:00,0.13473416392147486,0.0,1.3433570580431762
2016-11-22 08:00:00,0.10396943707990039,0.0,1.3138286165112318
2016-11-22 09:00:00,0.1083498927070123,0.0,1.3194444356924309
2016-11-22 10:00:00,0.06656167994499973,0.0,1.2788906516366634
2016-11-22 11:00:00,0.04499919314022434,0.0,1.2585616517595872
2016-11-22 12:00:00,0.045942750901820005,0.0,1.2607377543735407
2016-11-22 13:00:00,0.04834080594886553,0.0,1.2643674186837566
2016-11-22 14:00:00,0.04356009788278208,0.0,1.26081739739139
2016-11-22 15:00:00,0.03773423850803005,0.0,1.2562213215124602
2016-11-22 16:00:00,0.035262896063600134,0.0,1.254978883749295
2016-11-22 17:00:00,0.032510211800204455,0.0,1.2534542538300872
2016-11-22 18:00:00,0.02908117392912441,0.0,1.251252450853629
2016-11-22 19:00:00,0.026626005755036375,0.0,1.2500237295117032
2016-11-22 20:00:00,0.022100845624797145,0.0,1.2467242578120468
2016-11-22 21:00:00,0.019613419054540754,0.0,1.2454617781533237
2016-11-22 22:00:00,0.01392271673966499,0.0,1.240994704286421
2016-11-22 23:00:00,0.0069472113308619715,0.0,1.2352045436330181
2016-11-23 00:00:00,0.0016392400843858526,0.0,1.2311595046934884
2016-11-23 01:00:00,0.0,0.0,1.2301694747653746
2016-11-23 02:00:00,5.429472626775761e-05,0.0,1.2320175465360486
2016-11-23 03:00:00,0.005127174436430612,0.0,1.238311158020446
2016-11-23 04:00:00,0.019154227376237155,0.0,1.253558199160538
2016-11-23 05:00:00,0.05011539277347264,0.0,1.285738584408751
2016-11-23 06:00:00,0.06459979766642443,0.0,1.3014414149394091
2016-11-23 07:00:00,0.13470632059636548,0.0,1.3727655442867635
2016-11-23 08:00:00,0.10394159375479106,0.0,1.3432175822498036
2016-11-23 09:00:00,0.1083220493819029,0.0,1.3488139427675372
2016-11-23 10:00:00,0.0665338366198904,0.0,1.308240761916952
2016-11-23 11:00:00,0.04497134981511498,0.0,1.287892427015049
2016-11-23 12:00:00,0.04591490757671062,0.0,1.2900492561438035
2016-11-23 13:00:00,0.04831296262375619,0.0,1.2936597081462453
2016-11-23 14:00:00,0.043532254557672685,0.0,1.2900905352346423
2016-11-23 15:00:00,0.03770639518292074,0.0,1.2854753678199522
2016-11-23 16:00:00,0.035235052738490764,0.0,1.2842138978996644
2016-11-23 17:00:00,0.0324823684750951,0.0,1.282670294420264
2016-11-23 18:00:00,0.02905333060401507,0.0,1.2804495756516512
2016-11-23 19:00:00,0.026598162429927047,0.0,1.2792019954454679
2016-11-23 20:00:00,0.022073002299687776,0.0,1.2758837210011118
2016-11-23 21:00:00,0.019585575729431356,0.0,1.27460249415527
2016-11-23 22:00:00,0.013894873414555677,0.0,1.2701167395190534
2016-11-23 23:00:00,0.00691936800575263,0.0,1.26430867260729
2016-11-24 00:00:00,0.001611396759276483,0.0,1.260244278636734
2016-11-24 01:00:00,0.0,0.0,1.259235730090449
2016-11-24 02:00:00,2.6451401158429644e-05,0.0,1.2610653250424697
2016-11-24 03:00:00,0.005099331111321215,0.0,1.2673405136515883
2016-11-24 04:00:00,0.019126384051127827,0.0,1.2825691861000057
2016-11-24 05:00:00,0.050087549448363286,0.0,1.3147312571467864
2016-11-24 06:00:00,0.06457195434131505,0.0,1.3304158282894833
2016-11-24 07:00:00,0.13467847727125615,0.0,1.4017217533613784
2016-11-24 08:00:00,0.10391375042968173,0.0,1.372155642401343
2016-11-24 09:00:00,0.10829420605679355,0.0,1.37773390950174
2016-11-24 10:00:00,0.06650599329478102,0.0,1.337142690786974
2016-11-24 11:00:00,0.04494350649000563,0.0,1.3167763735035343
2016-11-24 12:00:00,0.045887064251601224,0.0,1.3189152755393458
2016-11-24 13:00:00,0.048285119298646845,0.0,1.3225078554196872
2016-11-24 14:00:00,0.04350441123256337,0.0,1.3189208649201407
2016-11-24 15:00:00,0.03767855185781137,0.0,1.3142879339058235
2016-11-24 16:00:00,0.03520720941338142,0.0,1.3130087537345099
2016-11-24 17:00:00,0.03245452514998569,0.0,1.3114474926404798
2016-11-24 18:00:00,0.02902548727890574,0.0,1.3092091681366882
2016-11-24 19:00:00,0.026570319104817705,0.0,1.3079440333067411
2016-11-24 20:00:00,0.022045158974578406,0.0,1.3046082546112665
2016-11-24 21:00:00,0.019557732404321987,0.0,1.3033095733787015
2016-11-24 22:00:00,0.013867030089446362,0.0,1.2988064244233837
2016-11-24 23:00:00,0.006891524680643288,0.0,1.2929816873864752
2016-11-25 00:00:00,0.0015835534341670995,0.0,1.2888992622821887
2016-11-25 01:00:00,0.0,0.0,1.2878734649347612
2016-11-25 02:00:00,0.0,0.0,1.2896858481363334
2016-11-25 03:00:00,0.005071487786211887,0.0,1.2959438734553292
2016-11-25 04:00:00,0.01909854072601839,0.0,1.3111554313180183
2016-11-25 05:00:00,0.0500597061232539,0.0,1.343300436789949
2016-11-25 06:00:00,0.06454411101620577,0.0,1.3589679916907624
2016-11-25 07:00:00,0.13465063394614685,0.0,1.4302569501530777
2016-11-25 08:00:00,0.10388590710457235,0.0,1.4006739224595037
2016-11-25 09:00:00,0.10826636273168416,0.0,1.4062353228647961
2016-11-25 10:00:00,0.06647814996967166,0.0,1.3656272875561688
2016-11-25 11:00:00,0.04491566316489633,0.0,1.3452442037320542
2016-11-25 12:00:00,0.0458592209264918,0.0,1.3473663891161671
2016-11-25 13:00:00,0.0482572759735375,0.0,1.350942301953231
2016-11-25 14:00:00,0.04347656790745406,0.0,1.3473386936263612
2016-11-25 15:00:00,0.03765070853270201,0.0,1.3426891935054126
2016-11-25 16:00:00,0.035179366088272,0.0,1.3413934923643873
2016-11-25 17:00:00,0.03242668182487639,0.0,1.3398157577853027
2016-11-25 18:00:00,0.0289976439537964,0.0,1.3375610065863694
2016-11-25 19:00:00,0.02654247577970835,0.0,1.3362794911455549
2016-11-25 20:00:00,0.022017315649468953,0.0,1.3329273772448897
2016-11-25 21:00:00,0.0195298890792127,0.0,1.3316124057505
2016-11-25 22:00:00,0.013839186764336993,0.0,1.327093021084939
2016-11-25 23:00:00,0.00686368135553396,0.0,1.3212527273538466
2016-11-26 00:00:00,0.0015557101090576606,0.0,1.3171534639209317
2016-11-26 01:00:00,0.0,0.0,1.3161115619987003
2016-11-26 02:00:00,0.0,0.0,1.3179078735950032
2016-11-26 03:00:00,0.005043644461102531,0.0,1.3241498710231037
2016-11-26 04:00:00,0.01907069740090895,0.0,1.3393454449544313
2016-11-26 05:00:00,0.05003186279814463,0.0,1.3714745107585136
2016-11-26 06:00:00,0.06451626769109636,0.0,1.3871261705736853
2016-11-26 07:00:00,0.13462279062103755,0.0,1.4583992788298306
2016-11-26 08:00:00,0.10385806377946297,0.0,1.4288004460544348
2016-11-26 09:00:00,0.1082385194065748,0.0,1.434346086670487
2016-11-26 10:00:00,0.06645030664456231,0.0,1.3937223369396035
2016-11-26 11:00:00,0.04488781983978697,0.0,1.373323584030158
2016-11-26 12:00:00,0.045831377601382416,0.0,1.3754301455263471
2016-11-26 13:00:00,0.04822943264842823,0.0,1.378990479423713
2016-11-26 14:00:00,0.043448724582344604,0.0,1.375371336750648
2016-11-26 15:00:00,0.0376228652075927,0.0,1.3707063464252822
2016-11-26 16:00:00,0.035151522763162656,0.0,1.3693951986862694
2016-11-26 17:00:00,0.03239883849976703,0.0,1.3678020605154457
2016-11-26 18:00:00,0.028969800628687058,0.0,1.3655319480904506
2016-11-26 19:00:00,0.02651463245459898,0.0,1.3642351131380097
2016-11-26 20:00:00,0.021989472324359584,0.0,1.360867720813982
2016-11-26 21:00:00,0.019502045754103386,0.0,1.359537511561767
2016-11-26 22:00:00,0.01381134343922761,0.0,1.3550029388713565
2016-11-26 23:00:00,0.006835838030424576,0.0,1.349148095391014
2016-11-27 00:00:00,0.0015278667839483465,0.0,1.3450330726340285
2016-11-27 01:00:00,0.0,0.0,1.3439761013158829
2016-11-27 02:00:00,0.0,0.0,1.3457573729590175
2016-11-27 03:00:00,0.005015801135993175,0.0,1.3519843700174499
2016-11-27 04:00:00,0.01904285407579962,0.0,1.367164983406852
2016-11-27 05:00:00,0.050004019473035316,0.0,1.3992791287965516
2016-11-27 06:00:00,0.06448842436598692,0.0,1.414915908638601
2016-11-27 07:00:00,0.13459494729592825,0.0,1.4861741776563764
2016-11-27 08:00:00,0.10383022045435361,0.0,1.4565605466213862
2016-11-27 09:00:00,0.10821067608146544,0.0,1.4620914301282724
2016-11-27 10:00:00,0.06642246331945292,0.0,1.4214529645217064
2016-11-27 11:00:00,0.0448599765146777,0.0,1.401039536954478
2016-11-27 12:00:00,0.045803534276273046,0.0,1.4031314648918354
2016-11-27 13:00:00,0.04820158932331886,0.0,1.4066772061067847
2016-11-27 14:00:00,0.04342088125723522,0.0,1.4030435113054573
2016-11-27 15:00:00,0.03759502188248337,0.0,1.398364008991995
2016-11-27 16:00:00,0.03512367943805327,0.0,1.3970383889119122
2016-11-27 17:00:00,0.03237099517465773,0.0,1.3954308174924293
2016-11-27 18:00:00,0.028941957303577633,0.0,1.3931463103181116
2016-11-27 19:00:00,0.026486789129489666,0.0,1.391835118512183
2016-11-27 20:00:00,0.021961628999250242,0.0,1.3884534066503167
2016-11-27 21:00:00,0.01947420242899403,0.0,1.3871089147875373
2016-11-27 22:00:00,0.013783500114118198,0.0,1.3825601049881695
2016-11-27 23:00:00,0.006807994705315262,0.0,1.3766916257880122
2016-11-28 00:00:00,0.0015000234588389907,0.0,1.3725618233863102
2016-11-28 01:00:00,0.0,0.0,1.3714907226563007
2016-11-28 02:00:00,0.0,0.0,1.373257891267013
2016-11-28 03:00:00,0.00498795781088382,0.0,1.3794708212624638
2016-11-28 04:00:00,0.01901501075069028,0.0,1.3946374038001812
2016-11-28 05:00:00,0.04997617614792593,0.0,1.4267375548439487
2016-11-28 06:00:00,0.0644605810408776,0.0,1.442360377153465
2016-11-28 07:00:00,0.1345671039708189,0.0,1.5136047257406255
2016-11-28 08:00:00,0.10380237712924426,0.0,1.483977211618654
2016-11-28 09:00:00,0.10818283275635605,0.0,1.4894942495554326
2016-11-28 10:00:00,0.06639461999434357,0.0,1.4488419759850477
2016-11-28 11:00:00,0.044832133189568316,0.0,1.4284147780563796
2016-11-28 12:00:00,0.04577569095116369,0.0,1.430492973132963
2016-11-28 13:00:00,0.04817374599820955,0.0,1.4340250187880554
2016-11-28 14:00:00,0.043393037932125865,0.0,1.4303776654336247
2016-11-28 15:00:00,0.03756717855737396,0.0,1.4256845411927543
2016-11-28 16:00:00,0.03509583611294393,0.0,1.424345335354848
2016-11-28 17:00:00,0.03234315184954839,0.0,1.4227242138326202
2016-11-28 18:00:00,0.028914113978468263,0.0,1.420426191659469
2016-11-28 19:00:00,0.02645894580438031,0.0,1.4191015193972683
2016-11-28 20:00:00,0.021933785674140886,0.0,1.4157063610820975
2016-11-28 21:00:00,0.019446359103884703,0.0,1.4143484564106092
2016-11-28 22:00:00,0.013755656789008856,0.0,1.4097862755704338
2016-11-28 23:00:00,0.006780151380205879,0.0,1.4039049931975267
2016-11-29 00:00:00,0.001472180133729635,0.0,1.3997613037045105
2016-11-29 01:00:00,0.0,0.0,1.398676930029214
2016-11-29 02:00:00,0.0,0.0,1.4004308494007565
2016-11-29 03:00:00,0.00496011448577445,0.0,1.4066305629494444
2016-11-29 04:00:00,0.018987167425580896,0.0,1.4217839620712236
2016-11-29 05:00:00,0.049948332822816605,0.0,1.4538709630181885
2016-11-29 06:00:00,0.06443273771576824,0.0,1.46948066885088
2016-11-29 07:00:00,0.13453926064570956,0.0,1.540711934863913
2016-11-29 08:00:00,0.10377453380413487,0.0,1.5110713723088645
2016-11-29 09:00:00,0.10815498943124668,0.0,1.5165753961270583
2016-11-29 10:00:00,0.06636677666923418,0.0,1.4759101428465633
2016-11-29 11:00:00,0.04480428986445903,0.0,1.4554699996217808
2016-11-29 12:00:00,0.045747847626054224,0.0,1.457535283729052
2016-11-29 13:00:00,0.048145902673100274,0.0,1.4610544525614948
2016-11-29 14:00:00,0.043365194607016454,0.0,1.4573942562613864
2016-11-29 15:00:00,0.03753933523226466,0.0,1.4526883225996616
2016-11-29 16:00:00,0.03506799278783452,0.0,1.4513363404422863
2016-11-29 17:00:00,0.03231530852443909,0.0,1.4497024752229875
2016-11-29 18:00:00,0.028886270653358866,0.0,1.4473917414611723
2016-11-29 19:00:00,0.026431102479270968,0.0,1.4460543891948034
2016-11-29 20:00:00,0.021905942349031475,0.0,1.4426465819563914
2016-11-29 21:00:00,0.019418515778775416,0.0,1.4412760591105873
2016-11-29 22:00:00,0.013727813463899473,0.0,1.436701298554588
2016-11-29 23:00:00,0.006752308055096551,0.0,1.43080797376623
2016-11-30 00:00:00,0.00144433680862021,0.0,1.4266512129544802
2016-11-30 01:00:00,0.0,0.0,1.4255543491878608
2016-11-30 02:00:00,0.0,0.0,1.4272957998309515
2016-11-30 03:00:00,0.004932271160665122,0.0,1.43348307463832
2016-11-30 04:00:00,0.018959324100471513,0.0,1.4486240652401399
2016-11-30 05:00:00,0.049920489497707304,0.0,1.48069868817015
2016-11-30 06:00:00,0.06440489439065877,0.0,1.4962960467824613
2016-11-30 07:00:00,0.13451141732060024,0.0,1.5675149966480593
2016-11-30 08:00:00,0.10374669047902554,0.0,1.5378621492527598
2016-11-30 09:00:00,0.10812714610613737,0.0,1.5433539197104829
2016-11-30 10:00:00,0.0663389333441248,0.0,1.5026764446464416
2016-11-30 11:00:00,0.044776446539349646,0.0,1.4822241112281804
2016-11-30 12:00:00,0.045720004300944854,0.0,1.4842772366571444
2016-11-30 13:00:00,0.04811805934799096,0.0,1.4877842781632786
2016-11-30 14:00:00,0.04333735128190711,0.0,1.4841119856406133
2016-11-30 15:00:00,0.03751149190715525,0.0,1.479393986533455
2016-11-30 16:00:00,0.03504014946272518,0.0,1.4780299693133214
2016-11-30 17:00:00,0.032287465199329776,0.0,1.4763840989665655
2016-11-30 18:00:00,0.028858427328249538,0.0,1.474061389531769
2016-11-30 19:00:00,0.026403259154161585,0.0,1.4727120905563962
2016-11-30 20:00:00,0.021878099023922105,0.0,1.4692923651015353
2016-11-30 21:00:00,0.01939067245366609,0.0,1.4679099522231431
2016-11-30 22:00:00,0.013699970138790117,0.0,1.463323337147419
2016-11-30 23:00:00,0.0067244647299871535,0.0,1.4574186671759242
