datetime,UCM_dual_forecast,UCM_dual_lower,UCM_dual_upper
2016-10-31 00:00:00,0.003668626951695088,0.0,0.05797288748947926
2016-10-31 01:00:00,0.0026429244943178493,0.0,0.07965152994668456
2016-10-31 02:00:00,0.0043582394176927795,0.0,0.10242894650597523
2016-10-31 03:00:00,0.01036572612214716,0.0,0.12893017888362351
2016-10-31 04:00:00,0.025160060507593757,0.0,0.1640344483129366
2016-10-31 05:00:00,0.056942654391632486,0.0,0.2160757597430112
2016-10-31 06:00:00,0.07305728860345045,0.0,0.25241755544947364
2016-10-31 07:00:00,0.14481617006755224,0.0,0.34433302595815984
2016-10-31 08:00:00,0.11393888694268854,0.0,0.3334695932464817
2016-10-31 09:00:00,0.11917428962636706,0.0,0.3584846311231753
2016-10-31 10:00:00,0.07861924585773232,0.0,0.3373726503800174
2016-10-31 11:00:00,0.05762210950201464,0.0,0.33537444020370466
2016-10-31 12:00:00,0.05905672264832773,0.0,0.35525522183044805
2016-10-31 13:00:00,0.06200627205774079,0.0,0.3759917554120013
2016-10-31 14:00:00,0.05768163294993348,0.0,0.3886933606508873
2016-10-31 15:00:00,0.05222924059651686,0.0,0.39941207075246415
2016-10-31 16:00:00,0.050150367892143236,0.0,0.4125638971631644
2016-10-31 17:00:00,0.047622450192812825,0.0,0.42425190067395835
2016-10-31 18:00:00,0.04441702374175564,0.0,0.43418566252269714
2016-10-31 19:00:00,0.042087124751608446,0.0,0.4438700086379479
2016-10-31 20:00:00,0.03760020821504431,0.0,0.4502389926218281
2016-10-31 21:00:00,0.03514863970398748,0.0,0.45746661511605663
2016-10-31 22:00:00,0.02952398170569174,0.0,0.46033373015909956
2016-10-31 23:00:00,0.022627549888523807,0.0,0.4606032909395299
2016-11-01 00:00:00,0.01738649648167093,0.0,0.46173952264884716
2016-11-01 01:00:00,0.015134037135711343,0.0,0.4646154190449456
2016-11-01 02:00:00,0.01562955587199568,0.0,0.4692370905025412
2016-11-01 03:00:00,0.020440468906071943,0.0,0.4772467730551778
2016-11-01 04:00:00,0.0340771925379738,0.0,0.49325230785900875
2016-11-01 05:00:00,0.06475614977770304,0.0,0.5255807987563291
2016-11-01 06:00:00,0.0798352051935726,0.0,0.5417118370995406
2016-11-01 07:00:00,0.15063953585315937,0.0,0.6131008005011742
2016-11-01 08:00:00,0.11890041482462575,0.0,0.5816145871420545
2016-11-01 09:00:00,0.12337693726728695,0.0,0.5861498470565616
2016-11-01 10:00:00,0.08217463935055383,0.0,0.544947739154605
2016-11-01 11:00:00,0.06064885135306834,0.0,0.5234931839244413
2016-11-01 12:00:00,0.0616786060821279,0.0,0.5247846135487734
2016-11-01 13:00:00,0.06435042487905107,0.0,0.5280137681477511
2016-11-01 14:00:00,0.05987661513216597,0.0,0.5244804280116628
2016-11-01 15:00:00,0.05440312039150294,0.0,0.5203973820132948
2016-11-01 16:00:00,0.05242880156677916,0.0,0.5203077398563144
2016-11-01 17:00:00,0.05012679048886978,0.0,0.5204053949778188
2016-11-01 18:00:00,0.047262481826120493,0.0,0.5204532793763041
2016-11-01 19:00:00,0.0453810097793216,0.0,0.5219722309884343
2016-11-01 20:00:00,0.04144026767464075,0.0,0.5218764356204174
2016-11-01 21:00:00,0.039621522465651,0.0,0.5242876636408389
2016-11-01 22:00:00,0.03470384416315536,0.0,0.5239191827856138
2016-11-01 23:00:00,0.02857482379462823,0.0,0.5226980786607766
2016-11-02 00:00:00,0.024146835047451534,0.0,0.523052759616611
2016-11-02 01:00:00,0.02273745371930082,0.0,0.526626459735039
2016-11-02 02:00:00,0.024089767154680013,0.0,0.5329277828444176
2016-11-02 03:00:00,0.029754451869070414,0.0,0.5434358580341658
2016-11-02 04:00:00,0.04422496184743912,0.0,0.56257305139742
2016-11-02 05:00:00,0.0757007593911443,0.0,0.5984771220085253
2016-11-02 06:00:00,0.09152297515360791,0.0,0.6184382528963
2016-11-02 07:00:00,0.16300050237012179,0.0,0.6937258692209534
2016-11-02 08:00:00,0.13184899890422963,0.0,0.6660278800317302
2016-11-02 09:00:00,0.13681282434925887,0.0,0.6740724271815213
2016-11-02 10:00:00,0.09598385972411073,0.0,0.6359461433659785
2016-11-02 11:00:00,0.07470504853955541,0.0,0.6169968136826182
2016-11-02 12:00:00,0.07584447795663384,0.0,0.6201063157983701
2016-11-02 13:00:00,0.07847932007205996,0.0,0.62437321583884
2016-11-02 14:00:00,0.07381426523762273,0.0,0.621029709892756
2016-11-02 15:00:00,0.06798948673468486,0.0,0.6162480094393118
2016-11-02 16:00:00,0.06550001377669805,0.0,0.614558107383366
2016-11-02 17:00:00,0.06251715289486381,0.0,0.6121676243865972
2016-11-02 18:00:00,0.058806522772603335,0.0,0.6088783587580765
2016-11-02 19:00:00,0.05591554833830807,0.0,0.6062724409920384
2016-11-02 20:00:00,0.05080647194077971,0.0,0.601344204864016
2016-11-02 21:00:00,0.047666933647130975,0.0,0.5983099120725854
2016-11-02 22:00:00,0.041284341034037865,0.0,0.5919819818119909
2016-11-02 23:00:00,0.033556502745857114,0.0,0.5842861076677411
2016-11-03 00:00:00,0.02740778195693087,0.0,0.5781397305573817
2016-11-03 01:00:00,0.02416938514404288,0.0,0.5749016436633771
2016-11-03 02:00:00,0.023599519914364424,0.0,0.5743329086012603
2016-11-03 03:00:00,0.027265301921101562,0.0,0.5780038533535817
2016-11-03 04:00:00,0.039677755426098575,0.0,0.5904259495502809
2016-11-03 05:00:00,0.0690548416720093,0.0,0.6198157504485884
2016-11-03 06:00:00,0.08275690418062559,0.0,0.6335312122151586
2016-11-03 07:00:00,0.1521125386157926,0.0,0.7028984144967436
2016-11-03 08:00:00,0.1188573635904876,0.0,0.6696511022273507
2016-11-03 09:00:00,0.12175572250347606,0.0,0.6725530327697172
2016-11-03 10:00:00,0.07891926684570245,0.0,0.6297170427359319
2016-11-03 11:00:00,0.055710262671714285,0.0,0.6065086513994985
2016-11-03 12:00:00,0.05501544185832622,0.0,0.6058200096916753
2016-11-03 13:00:00,0.055929721031336456,0.0,0.6067535174010882
2016-11-03 14:00:00,0.049674422822951425,0.0,0.600539754980956
2016-11-03 15:00:00,0.04240504141194367,0.0,0.5933447947649539
2016-11-03 16:00:00,0.03863043179274767,0.0,0.5896888035948866
2016-11-03 17:00:00,0.03453406511328682,0.0,0.5857666195862334
2016-11-03 18:00:00,0.02989191721463331,0.0,0.5813649161041236
2016-11-03 19:00:00,0.026259838006256215,0.0,0.5780488500668518
2016-11-03 20:00:00,0.020606461059522956,0.0,0.572794312446359
2016-11-03 21:00:00,0.017123706731869186,0.0,0.5697980029142267
2016-11-03 22:00:00,0.010601100163575596,0.0,0.5638532838311585
2016-11-03 23:00:00,0.0029363790778546475,0.0,0.556899432251475
2016-11-04 00:00:00,0.0,0.0,0.5517103297677298
2016-11-04 01:00:00,0.0,0.0,0.5497531852710055
2016-11-04 02:00:00,0.0,0.0,0.550713125907616
2016-11-04 03:00:00,0.0,0.0,0.5561372368829854
2016-11-04 04:00:00,0.01226678782916675,0.0,0.5705097776501593
2016-11-04 05:00:00,0.04280509664191895,0.0,0.6020187639835703
2016-11-04 06:00:00,0.057813047385504926,0.0,0.6179923785248367
2016-11-04 07:00:00,0.1286038149750054,0.0,0.689725799795376
2016-11-04 08:00:00,0.09689629791336175,0.0,0.6589209284335074
2016-11-04 09:00:00,0.10143702106876798,0.0,0.6643090005595241
2016-11-04 10:00:00,0.06031893295373141,0.0,0.6239700006201929
2016-11-04 11:00:00,0.03888493656806016,0.0,0.603236683124937
2016-11-04 12:00:00,0.040001972666830955,0.0,0.6049689997673335
2016-11-04 13:00:00,0.04274497547927013,0.0,0.6082382376488412
2016-11-04 14:00:00,0.03831533262815235,0.0,0.6042454944882972
2016-11-04 15:00:00,0.03284888826679037,0.0,0.5991295324547319
2016-11-04 16:00:00,0.03083536595951726,0.0,0.5973858979942831
2016-11-04 17:00:00,0.028439850776147222,0.0,0.5951879656457993
2016-11-04 18:00:00,0.025420894950922594,0.0,0.5923044955998964
2016-11-04 19:00:00,0.023318092078434455,0.0,0.5902865813922638
2016-11-04 20:00:00,0.019085176722336863,0.0,0.5861000824711393
2016-11-04 21:00:00,0.016900700428001396,0.0,0.5839356468759238
2016-11-04 22:00:00,0.011542503374187996,0.0,0.5785826571351591
2016-11-04 23:00:00,0.004898454728111078,0.0,0.5719396584915506
2016-11-05 00:00:00,0.0,0.0,0.5669314499673668
2016-11-05 01:00:00,0.0,0.0,0.5648775678438926
2016-11-05 02:00:00,0.0,0.0,0.5655347126834345
2016-11-05 03:00:00,0.0033307823927384867,0.0,0.5704610664150805
2016-11-05 04:00:00,0.01696970817754397,0.0,0.5841570765596196
2016-11-05 05:00:00,0.04757148635958783,0.0,0.6148285423672689
2016-11-05 06:00:00,0.062487047776789616,0.0,0.6298225598652237
2016-11-05 07:00:00,0.13303607836562462,0.0,0.7004539927235173
2016-11-05 08:00:00,0.10094588240153829,0.0,0.6684449012875728
2016-11-05 09:00:00,0.1049731690377554,0.0,0.6725469187703461
2016-11-05 10:00:00,0.06322271160391658,0.0,0.6308604827943054
2016-11-05 11:00:00,0.04105072048922921,0.0,0.6087387227526275
2016-11-05 12:00:00,0.04133875048034672,0.0,0.609061786847695
2016-11-05 13:00:00,0.04317746481044168,0.0,0.6109208996209184
2016-11-05 14:00:00,0.03778489009288215,0.0,0.6055367601941363
2016-11-05 15:00:00,0.031314203743140916,0.0,0.5990673079147719
2016-11-05 16:00:00,0.028272933131616766,0.0,0.5960267299137529
2016-11-05 17:00:00,0.0248442087507136,0.0,0.5926063589734356
2016-11-05 18:00:00,0.02080463862029749,0.0,0.5885920460582421
2016-11-05 19:00:00,0.017711651802327137,0.0,0.5855508834066558
2016-11-05 20:00:00,0.01253637078713389,0.0,0.5804633800797724
2016-11-05 21:00:00,0.009474066581331679,0.0,0.5775332554540262
2016-11-05 22:00:00,0.00331841848789347,0.0,0.5715621005408309
2016-11-05 23:00:00,0.0,0.0,0.5644829167906137
2016-11-06 00:00:00,0.0,0.0,0.5591381199186055
2016-11-06 01:00:00,0.0,0.0,0.5569495058636732
2016-11-06 02:00:00,0.0,0.0,0.5576358638799913
2016-11-06 03:00:00,0.0,0.0,0.5627555518232925
2016-11-06 04:00:00,0.006377698430143479,0.0,0.5768042795372228
2016-11-06 05:00:00,0.0370762032361804,0.0,0.6079804843141274
2016-11-06 06:00:00,0.05224337822362793,0.0,0.6236216626616691
2016-11-06 07:00:00,0.12319994444911268,0.0,0.6950313284472163
2016-11-06 08:00:00,0.09167222360769735,0.0,0.6639190650127362
2016-11-06 09:00:00,0.0964139399493056,0.0,0.6690236519532089
2016-11-06 10:00:00,0.05552492026768616,0.0,0.6284331572669835
2016-11-06 11:00:00,0.03435453222087105,0.0,0.6074897702446074
2016-11-06 12:00:00,0.03577568097625775,0.0,0.6090651261489427
2016-11-06 13:00:00,0.03886868525971593,0.0,0.6122453728481843
2016-11-06 14:00:00,0.03483966552024843,0.0,0.6082505411225656
2016-11-06 15:00:00,0.029828484085859315,0.0,0.6032431893464554
2016-11-06 16:00:00,0.028328114581325153,0.0,0.6017481345784219
2016-11-06 17:00:00,0.0265060807003402,0.0,0.5999738514921619
2016-11-06 18:00:00,0.02412252917428483,0.0,0.5977300553101796
2016-11-06 19:00:00,0.022717782265794708,0.0,0.5966142790404383
2016-11-06 20:00:00,0.01924542687853318,0.0,0.5936434758513125
2016-11-06 21:00:00,0.017882991347482294,0.0,0.5930625464296074
2016-11-06 22:00:00,0.013406429075090279,0.0,0.5897136283407016
2016-11-06 23:00:00,0.007700881866307588,0.0,0.5854868652783993
2016-11-07 00:00:00,0.0036769774823482114,0.0,0.5835754448413764
2016-11-07 01:00:00,0.002651275024970902,0.0,0.5851154758063009
2016-11-07 02:00:00,0.004366589948345762,0.0,0.5899885917177253
2016-11-07 03:00:00,0.010374076652800126,0.0,0.5997754186392189
2016-11-07 04:00:00,0.025168411038246852,0.0,0.6189897249848546
2016-11-07 05:00:00,0.05695100492228548,0.0,0.6558352509698823
2016-11-07 06:00:00,0.07306563913410342,0.0,0.6776403034894812
2016-11-07 07:00:00,0.14482452059820528,0.0,0.7556836694479352
2016-11-07 08:00:00,0.11394723747334161,0.0,0.7316342388099478
2016-11-07 09:00:00,0.11918264015701995,0.0,0.7441743043658995
2016-11-07 10:00:00,0.07862759638838537,0.0,0.7113203807586226
2016-11-07 11:00:00,0.057630460032667606,0.0,0.698329242994443
2016-11-07 12:00:00,0.059065073178980805,0.0,0.7079748478893301
2016-11-07 13:00:00,0.06201462258839368,0.0,0.7192353025550376
2016-11-07 14:00:00,0.05768998348058663,0.0,0.7232143680556368
2016-11-07 15:00:00,0.052237591127169664,0.0,0.7259524143586474
2016-11-07 16:00:00,0.05015871842279633,0.0,0.7318486049129248
2016-11-07 17:00:00,0.0476308007234657,0.0,0.7369848770359281
2016-11-07 18:00:00,0.044425374272408634,0.0,0.7410462314039138
2016-11-07 19:00:00,0.042095475282261326,0.0,0.7455101403109657
2016-11-07 20:00:00,0.03760855874569742,0.0,0.7472810816005394
2016-11-07 21:00:00,0.03515699023464026,0.0,0.7505019017674222
2016-11-07 22:00:00,0.029532332236344667,0.0,0.7499241517958786
2016-11-07 23:00:00,0.022635900419176683,0.0,0.7473368326081743
2016-11-08 00:00:00,0.01739484701232394,0.0,0.7459685173140924
2016-11-08 01:00:00,0.015142387666364233,0.0,0.7468558955713943
2016-11-08 02:00:00,0.015637906402648546,0.0,0.7498939852499483
2016-11-08 03:00:00,0.020448819436724754,0.0,0.756685955282261
2016-11-08 04:00:00,0.03408554306862678,0.0,0.7717953144457391
2016-11-08 05:00:00,0.06476450030835586,0.0,0.803502576722978
2016-11-08 06:00:00,0.0798435557242255,0.0,0.8192386769891993
2016-11-08 07:00:00,0.1506478863838123,0.0,0.8904086187486535
2016-11-08 08:00:00,0.11890876535527861,0.0,0.8588278054001207
2016-11-08 09:00:00,0.12338528779793968,0.0,0.8633411451911303
2016-11-08 10:00:00,0.08218298988120676,0.0,0.8221389590281711
2016-11-08 11:00:00,0.060657201883721125,0.0,0.8006576262502173
2016-11-08 12:00:00,0.061686956612780855,0.0,0.8018508947650652
2016-11-08 13:00:00,0.06435877540970372,0.0,0.8048712892259419
2016-11-08 14:00:00,0.05988496566281895,0.0,0.8009863614268451
2016-11-08 15:00:00,0.05441147092215561,0.0,0.7963849244564046
2016-11-08 16:00:00,0.052437152097432056,0.0,0.7955952307212091
2016-11-08 17:00:00,0.050135141019522454,0.0,0.7948057898364383
2016-11-08 18:00:00,0.04727083235677342,0.0,0.7937834143810031
2016-11-08 19:00:00,0.04538936030997427,0.0,0.794061328019111
2016-11-08 20:00:00,0.041448618205293754,0.0,0.7925733664659017
2016-11-08 21:00:00,0.0396298729963036,0.0,0.7934664876261434
2016-11-08 22:00:00,0.0347121946938082,0.0,0.7914808990461534
2016-11-08 23:00:00,0.028583174325280958,0.0,0.7885330518699711
2016-11-09 00:00:00,0.024155185578104487,0.0,0.7872226514685257
2016-11-09 01:00:00,0.02274580424995354,0.0,0.7890797694867272
2016-11-09 02:00:00,0.024098117685332824,0.0,0.7936944535849864
2016-11-09 03:00:00,0.029762802399723128,0.0,0.8025692247774687
2016-11-09 04:00:00,0.04423331237809209,0.0,0.8201487224750835
2016-11-09 05:00:00,0.07570910992179697,0.0,0.8545890333709181
2016-11-09 06:00:00,0.09153132568426076,0.0,0.873194541039189
2016-11-09 07:00:00,0.16300885290077474,0.0,0.9472447816032742
2016-11-09 08:00:00,0.13185734943488242,0.0,0.9184338602839233
2016-11-09 09:00:00,0.1368211748799116,0.0,0.9254924751424637
2016-11-09 10:00:00,0.0959922102547636,0.0,0.8865065211817301
2016-11-09 11:00:00,0.07471339907020813,0.0,0.8668201470846314
2016-11-09 12:00:00,0.07585282848728687,0.0,0.8693091231809618
2016-11-09 13:00:00,0.07848767060271267,0.0,0.8730638854141447
2016-11-09 14:00:00,0.07382261576827565,0.0,0.8693069354175594
2016-11-09 15:00:00,0.06799783726533766,0.0,0.8641996862962449
2016-11-09 16:00:00,0.06550836430735092,0.0,0.8622606819692935
2016-11-09 17:00:00,0.06252550342551656,0.0,0.8596858800417344
2016-11-09 18:00:00,0.05881487330325634,0.0,0.8562656105598393
2016-11-09 19:00:00,0.05592389886896079,0.0,0.8535710996989004
2016-11-09 20:00:00,0.050814822471432715,0.0,0.8485866565062339
2016-11-09 21:00:00,0.04767528417778375,0.0,0.8455196343886936
2016-11-09 22:00:00,0.04129269156469075,0.0,0.8391746843540884
2016-11-09 23:00:00,0.03356485327650995,0.0,0.8314688433321524
2016-11-10 00:00:00,0.027416132487583893,0.0,0.8253217221293853
2016-11-10 01:00:00,0.024177735674695673,0.0,0.8220835321068173
2016-11-10 02:00:00,0.0236078704450173,0.0,0.8215144582193841
2016-11-10 03:00:00,0.027273652451754424,0.0,0.8251838286091296
2016-11-10 04:00:00,0.03968610595675159,0.0,0.8376029721379339
2016-11-10 05:00:00,0.06906319220266208,0.0,0.8669888740833749
2016-11-10 06:00:00,0.0827652547112786,0.0,0.8807002260453597
2016-11-10 07:00:00,0.15212088914644548,0.0,0.9500638830074498
2016-11-10 08:00:00,0.11886571412114053,0.0,0.9168141663933788
2016-11-10 09:00:00,0.1217640730341289,0.0,0.9197150114388724
2016-11-10 10:00:00,0.0789276173763554,0.0,0.8768788843433684
2016-11-10 11:00:00,0.05571861320236706,0.0,0.8536702937505024
2016-11-10 12:00:00,0.055023792388979316,0.0,0.8529797095035664
2016-11-10 13:00:00,0.05593807156198923,0.0,0.8539072115289718
2016-11-10 14:00:00,0.04968277335360444,0.0,0.8476805118600945
2016-11-10 15:00:00,0.042413391942596496,0.0,0.8404624077913058
2016-11-10 16:00:00,0.03863878232340061,0.0,0.8367695682627108
2016-11-10 17:00:00,0.03454241564393962,0.0,0.8327933236790992
2016-11-10 18:00:00,0.029900267745286348,0.0,0.8283170577191209
2016-11-10 19:00:00,0.02626818853690903,0.0,0.8249030823476203
2016-11-10 20:00:00,0.020614811590175995,0.0,0.8195250949892033
2016-11-10 21:00:00,0.017132057262522007,0.0,0.8163783868373443
2016-11-10 22:00:00,0.010609450694228535,0.0,0.8102552223878952
2016-11-10 23:00:00,0.002944729608507549,0.0,0.8030821938246344
2016-11-11 00:00:00,0.0,0.0,0.7976789286540296
2016-11-11 01:00:00,0.0,0.0,0.7954695144770726
2016-11-11 02:00:00,0.0,0.0,0.7961596630765149
2016-11-11 03:00:00,0.0,0.0,0.8013000664893348
2016-11-11 04:00:00,0.012275138359819773,0.0,0.8153800348110519
2016-11-11 05:00:00,0.04281344717257175,0.0,0.8465930167231066
2016-11-11 06:00:00,0.057821397916158,0.0,0.8622727553223101
2016-11-11 07:00:00,0.1286121655056583,0.0,0.9337198752940166
2016-11-11 08:00:00,0.09690464844401478,0.0,0.9026413787767996
2016-11-11 09:00:00,0.1014453715994209,0.0,0.9077730507355971
2016-11-11 10:00:00,0.0603272834843845,0.0,0.867198695849526
2016-11-11 11:00:00,0.038893287098713036,0.0,0.8462540238014311
2016-11-11 12:00:00,0.04001032319748416,0.0,0.8478009846070796
2016-11-11 13:00:00,0.042753326009923,0.0,0.8509118625294584
2016-11-11 14:00:00,0.038323683158805466,0.0,0.8467877550679241
2016-11-11 15:00:00,0.032857238797443324,0.0,0.8415664771689879
2016-11-11 16:00:00,0.030843716490170366,0.0,0.8397417745720822
2016-11-11 17:00:00,0.02844820130680012,0.0,0.8374844989884279
2016-11-11 18:00:00,0.025429245481575814,0.0,0.8345603278630963
2016-11-11 19:00:00,0.023326442609087422,0.0,0.8325168965018351
2016-11-11 20:00:00,0.01909352725299003,0.0,0.8283164267875852
2016-11-11 21:00:00,0.0169090509586544,0.0,0.8261459421529146
2016-11-11 22:00:00,0.011550853904841132,0.0,0.8207913679180491
2016-11-11 23:00:00,0.004906805258764105,0.0,0.8141480432396091
2016-11-12 00:00:00,0.0,0.0,0.8091376120460089
2016-11-12 01:00:00,0.0,0.0,0.8070799724198496
2016-11-12 02:00:00,0.0,0.0,0.8077291771837979
2016-11-12 03:00:00,0.003339132923391551,0.0,0.8126429950345608
2016-11-12 04:00:00,0.016978058708197262,0.0,0.8263220097227867
2016-11-12 05:00:00,0.04757983689024073,0.0,0.8569727206985058
2016-11-12 06:00:00,0.062495398307442815,0.0,0.8719433694714199
2016-11-12 07:00:00,0.1330444288962777,0.0,0.942550259859172
2016-11-12 08:00:00,0.10095423293219144,0.0,0.910517017475333
2016-11-12 09:00:00,0.10498151956840847,0.0,0.9145967895467931
2016-11-12 10:00:00,0.06323106213456976,0.0,0.872891305617447
2016-11-12 11:00:00,0.04105907101988222,0.0,0.8507546115874415
2016-11-12 12:00:00,0.04134710101100003,0.0,0.8510672718458193
2016-11-12 13:00:00,0.043185815341094586,0.0,0.8529203395261439
2016-11-12 14:00:00,0.037793240623535326,0.0,0.8475337121338606
2016-11-12 15:00:00,0.03132255427379402,0.0,0.841063903671651
2016-11-12 16:00:00,0.028281283662269927,0.0,0.8380231092938049
2016-11-12 17:00:00,0.02485255928136652,0.0,0.8346002092722304
2016-11-12 18:00:00,0.02081298915095075,0.0,0.8305782917568589
2016-11-12 19:00:00,0.017720002332980146,0.0,0.8275215620409183
2016-11-12 20:00:00,0.012544721317787102,0.0,0.8224077276622895
2016-11-12 21:00:00,0.009482417111984678,0.0,0.8194379912500136
2016-11-12 22:00:00,0.0033267690185465547,0.0,0.8134115933718186
2016-11-12 23:00:00,0.0,0.0,0.8062524830708754
2016-11-13 00:00:00,0.0,0.0,0.8008285660146062
2016-11-13 01:00:00,0.0,0.0,0.7985351196762404
2016-11-13 02:00:00,0.0,0.0,0.79910276525345
2016-11-13 03:00:00,0.0,0.0,0.8040920408488846
2016-11-13 04:00:00,0.0063860489607967235,0.0,0.8180022952628239
2016-11-13 05:00:00,0.03708455376683314,0.0,0.8490363640737878
2016-11-13 06:00:00,0.05225172875428112,0.0,0.8645366459854243
2016-11-13 07:00:00,0.12320829497976572,0.0,0.9358117543253135
2016-11-13 08:00:00,0.09168057413835046,0.0,0.9045762144761262
2016-11-13 09:00:00,0.09642229047995857,0.0,0.9095732024137541
2016-11-13 10:00:00,0.05553327079833924,0.0,0.8688942316791542
2016-11-13 11:00:00,0.03436288275152402,0.0,0.8478835818662677
2016-11-13 12:00:00,0.03578403150691084,0.0,0.8494132380946471
2016-11-13 13:00:00,0.038877035790368816,0.0,0.852567610635293
2016-11-13 14:00:00,0.03484801605090149,0.0,0.8485626160923289
2016-11-13 15:00:00,0.029836834616512382,0.0,0.8435541113211715
2016-11-13 16:00:00,0.028336465111978147,0.0,0.8420575133340167
2016-11-13 17:00:00,0.02651443123099308,0.0,0.8402692080897182
2016-11-13 18:00:00,0.024130879704938032,0.0,0.8379842848735342
2016-11-13 19:00:00,0.022726132796447678,0.0,0.836783424358222
2016-11-13 20:00:00,0.019253777409186254,0.0,0.8336649862654419
2016-11-13 21:00:00,0.01789134187813528,0.0,0.8328542461652977
2016-11-13 22:00:00,0.013414779605743343,0.0,0.8291743172871638
2016-11-13 23:00:00,0.007709232396960596,0.0,0.8245145882843099
2016-11-14 00:00:00,0.0036853280130012623,0.0,0.8219868804330113
2016-11-14 01:00:00,0.002659625555623828,0.0,0.8227819844820439
2016-11-14 02:00:00,0.004374940478998827,0.0,0.8267436612431552
2016-11-14 03:00:00,0.010382427183453176,0.0,0.8354474385648037
2016-11-14 04:00:00,0.02517676156889996,0.0,0.8534057931936244
2016-11-14 05:00:00,0.056959355452938246,0.0,0.8888266848722655
2016-11-14 06:00:00,0.07307398966475655,0.0,0.9090481895716743
2016-11-14 07:00:00,0.1448328711288583,0.0,0.9853640974261597
2016-11-14 08:00:00,0.1139555880039948,0.0,0.9594629214759725
2016-11-14 09:00:00,0.11919099068767289,0.0,0.9700503444382226
2016-11-14 10:00:00,0.0786359469190384,0.0,0.9351690246303661
2016-11-14 11:00:00,0.05763881056332057,0.0,0.9201035475645489
2016-11-14 12:00:00,0.059073423709633824,0.0,0.9276562691200093
2016-11-14 13:00:00,0.06202297311904658,0.0,0.9368332836723187
2016-11-14 14:00:00,0.05769833401123959,0.0,0.9387650556246179
2016-11-14 15:00:00,0.05224594165782278,0.0,0.9395166598926245
2016-11-14 16:00:00,0.050167068953449245,0.0,0.9435094195793198
2016-11-14 17:00:00,0.0476391512541186,0.0,0.9468445010204022
2016-11-14 18:00:00,0.044433724803061674,0.0,0.9492229623557462
2016-11-14 19:00:00,0.042103825812914324,0.0,0.9521350424116356
2016-11-14 20:00:00,0.03761690927635035,0.0,0.9524946781794543
2016-11-14 21:00:00,0.03516534076529322,0.0,0.9544510045397742
2016-11-14 22:00:00,0.02954068276699761,0.0,0.9527598480284684
2016-11-14 23:00:00,0.02264425094982961,0.0,0.949230486332291
2016-11-15 00:00:00,0.017403197542976853,0.0,0.947022201971405
2016-11-15 01:00:00,0.015150738197017097,0.0,0.9472332033196136
2016-11-15 02:00:00,0.01564625693330142,0.0,0.9497266080657606
2016-11-15 03:00:00,0.020457169967377755,0.0,0.9560960747318495
2016-11-15 04:00:00,0.034093893599279605,0.0,0.9708924558792602
2016-11-15 05:00:00,0.06477285083900862,0.0,1.0023817529185977
2016-11-15 06:00:00,0.07985190625487838,0.0,1.017978862962731
2016-11-15 07:00:00,0.15065623691446514,0.0,1.0890715928875927
2016-11-15 08:00:00,0.11891711588593165,0.0,1.0574574110958244
2016-11-15 09:00:00,0.12339363832859243,0.0,1.061963025815047
2016-11-15 10:00:00,0.08219134041185955,0.0,1.0207608104336456
2016-11-15 11:00:00,0.06066555241437394,0.0,0.9992699948525942
2016-11-15 12:00:00,0.061695307143433645,0.0,1.000428525896103
2016-11-15 13:00:00,0.06436712594035651,0.0,1.003375001216842
2016-11-15 14:00:00,0.05989331619347168,0.0,0.9993653882511361
2016-11-15 15:00:00,0.05441982145280854,0.0,0.9945796372142501
2016-11-15 16:00:00,0.05244550262808476,0.0,0.9935401197186324
2016-11-15 17:00:00,0.05014349155017529,0.0,0.9924325683037751
2016-11-15 18:00:00,0.04727918288742614,0.0,0.991024094911555
2016-11-15 19:00:00,0.0453977108406271,0.0,0.9908511248046499
2016-11-15 20:00:00,0.041456968735946516,0.0,0.9888532865975962
2016-11-15 21:00:00,0.03963822352695645,0.0,0.989185449528303
2016-11-15 22:00:00,0.034720545224460914,0.0,0.9865965959539376
2016-11-15 23:00:00,0.028591524855933758,0.0,0.9829980218521941
2016-11-16 00:00:00,0.024163536108757242,0.0,0.9810536620922441
2016-11-16 01:00:00,0.022754154780606307,0.0,0.9822505236991037
2016-11-16 02:00:00,0.02410646821598551,0.0,0.9862098067798764
2016-11-16 03:00:00,0.029771152930376066,0.0,0.9944435666281939
2016-11-16 04:00:00,0.044241662908744775,0.0,1.0114058812247584
2016-11-16 05:00:00,0.07571746045244966,0.0,1.0452609947498874
2016-11-16 06:00:00,0.09153967621491363,0.0,1.0633199880605455
2016-11-16 07:00:00,0.16301720343142745,0.0,1.1368675454627217
2016-11-16 08:00:00,0.1318656999655354,0.0,1.1076013495039654
2016-11-16 09:00:00,0.13682952541056434,0.0,1.1142541408619606
2016-11-16 10:00:00,0.09600056078541638,0.0,1.0749124076037633
2016-11-16 11:00:00,0.07472174960086096,0.0,1.0549195674012266
2016-11-16 12:00:00,0.07586117901793961,0.0,1.0571494929889194
2016-11-16 13:00:00,0.07849602113336551,0.0,1.0606897377533446
2016-11-16 14:00:00,0.07383096629892842,0.0,1.056759134014128
2016-11-16 15:00:00,0.06800618779599052,0.0,1.051514846247837
2016-11-16 16:00:00,0.06551671483800374,0.0,1.049470799863387
2016-11-16 17:00:00,0.06253385395616945,0.0,1.0468181683200335
2016-11-16 18:00:00,0.0588232238339091,0.0,1.0433425239006704
2016-11-16 19:00:00,0.05593224939961363,0.0,1.0406105344067924
2016-11-16 20:00:00,0.050823173002085636,0.0,1.0356022971131473
2016-11-16 21:00:00,0.04768363470843666,0.0,1.0325214106708644
2016-11-16 22:00:00,0.041301042095343556,0.0,1.0261692452717526
2016-11-16 23:00:00,0.033573203807162805,0.0,1.0184591755487753
2016-11-17 00:00:00,0.027424483018236755,0.0,1.0123117360363931
2016-11-17 01:00:00,0.024186086205348574,0.0,1.0090735009975271
2016-11-17 02:00:00,0.023616220975670118,0.0,1.0085042860211446
2016-11-17 03:00:00,0.027282002982407356,0.0,1.012172995366528
2016-11-17 04:00:00,0.03969445648740443,0.0,1.0245908966527242
2016-11-17 05:00:00,0.06907154273331499,0.0,1.0539751570570723
2016-11-17 06:00:00,0.08277360524193142,0.0,1.0676847784580539
2016-11-17 07:00:00,0.15212923967709832,0.0,1.1370469430518768
2016-11-17 08:00:00,0.11887406465179357,0.0,1.1037962154125782
2016-11-17 09:00:00,0.12177242356478171,0.0,1.1066966053398213
2016-11-17 10:00:00,0.07893596790700827,0.0,1.0638604216844882
2016-11-17 11:00:00,0.05572696373301997,0.0,1.0406517449454056
2016-11-17 12:00:00,0.05503214291963212,0.0,1.0399603332404879
2016-11-17 13:00:00,0.05594642209264228,0.0,1.0408852845489742
2016-11-17 14:00:00,0.04969112388425725,0.0,1.0346530967138168
2016-11-17 15:00:00,0.04242174247324945,0.0,1.0274251802168166
2016-11-17 16:00:00,0.038647132854053426,0.0,1.0237167215727112
2016-11-17 17:00:00,0.03455076617459269,0.0,1.0197175622536852
2016-11-17 18:00:00,0.029908618275939172,0.0,1.0152096856639283
2016-11-17 19:00:00,0.02627653906756195,0.0,1.011754186858394
2016-11-17 20:00:00,0.020623162120828924,0.0,1.0063238162499202
2016-11-17 21:00:00,0.017140407793175078,0.0,1.003113244118558
2016-11-17 22:00:00,0.010617801224881348,0.0,0.9969142387237384
2016-11-17 23:00:00,0.002953080139160515,0.0,0.9896479569931896
2016-11-18 00:00:00,0.0,0.0,0.9841534570098456
2016-11-18 01:00:00,0.0,0.0,0.9818364344525846
2016-11-18 02:00:00,0.0,0.0,0.9824113286502965
2016-11-18 03:00:00,0.0,0.0,0.9874303406165573
2016-11-18 04:00:00,0.012283488890472654,0.0,1.0013849168854851
2016-11-18 05:00:00,0.04282179770322488,0.0,1.032470820476645
2016-11-18 06:00:00,0.05782974844681092,0.0,1.0480241793643572
2016-11-18 07:00:00,0.12862051603631125,0.0,1.1193479700262685
2016-11-18 08:00:00,0.0969129989746679,0.0,1.0881514128522398
2016-11-18 09:00:00,0.10145372213007382,0.0,1.0931722851587955
2016-11-18 10:00:00,0.060335634015037436,0.0,1.0524960783980302
2016-11-18 11:00:00,0.038901637629366104,0.0,1.0314598202153091
2016-11-18 12:00:00,0.04001867372813706,0.0,1.032926365791379
2016-11-18 13:00:00,0.04276167654057617,0.0,1.035968468761549
2016-11-18 14:00:00,0.03833203368945839,0.0,1.0317872588673178
2016-11-18 15:00:00,0.03286558932809645,0.0,1.0265201660798902
2016-11-18 16:00:00,0.03085206702082329,0.0,1.02466017366992
2016-11-18 17:00:00,0.028456551837453336,0.0,1.0223770505211671
2016-11-18 18:00:00,0.02543759601222872,0.0,1.0194351421724122
2016-11-18 19:00:00,0.02333479313974055,0.0,1.0173805843380928
2016-11-18 20:00:00,0.019101877783643098,0.0,1.013174018263863
2016-11-18 21:00:00,0.016917401489307576,0.0,1.011000890553698
2016-11-18 22:00:00,0.011559204435494021,0.0,1.0056456215410785
2016-11-18 23:00:00,0.004915155789417304,0.0,0.9990021526707992
2016-11-19 00:00:00,0.0,0.0,0.9939907598262012
2016-11-19 01:00:00,0.0,0.0,0.991931492123865
2016-11-19 02:00:00,0.0,0.0,0.9925772513263286
2016-11-19 03:00:00,0.003347483454044738,0.0,0.9974856253349272
2016-11-19 04:00:00,0.01698640923885022,0.0,1.0111572562281328
2016-11-19 05:00:00,0.04758818742089401,0.0,1.041798947231112
2016-11-19 06:00:00,0.06250374883809591,0.0,1.0567594375754235
2016-11-19 07:00:00,0.13305277942693072,0.0,1.1273556573459527
2016-11-19 08:00:00,0.10096258346284467,0.0,1.0953119132612663
2016-11-19 09:00:00,0.10498987009906156,0.0,1.099382011700028
2016-11-19 10:00:00,0.0632394126652228,0.0,1.0576682449084704
2016-11-19 11:00:00,0.041067421550535374,0.0,1.0355250580879425
2016-11-19 12:00:00,0.041355451541653016,0.0,1.035833196928145
2016-11-19 13:00:00,0.04319416587174792,0.0,1.0376836396963003
2016-11-19 14:00:00,0.03780159115418833,0.0,1.0322959342402345
2016-11-19 15:00:00,0.031330904804447154,0.0,1.0258259729717683
2016-11-19 16:00:00,0.02828963419292294,0.0,1.0227850824862807
2016-11-19 17:00:00,0.02486090981201983,0.0,1.019361073821415
2016-11-19 18:00:00,0.020821339681603743,0.0,1.015335830626203
2016-11-19 19:00:00,0.017728352863633286,0.0,1.0122722993150106
2016-11-19 20:00:00,0.012553071848440185,0.0,1.0071469650501421
2016-11-19 21:00:00,0.009490767642637857,0.0,1.0041599308851432
2016-11-19 22:00:00,0.003335119549199508,0.0,0.998109408190506
2016-11-19 23:00:00,0.0,0.0,0.9909153873548734
2016-11-20 00:00:00,0.0,0.0,0.9854568960334453
2016-11-20 01:00:00,0.0,0.0,0.9831176216699103
2016-11-20 02:00:00,0.0,0.0,0.9836333409778887
2016-11-20 03:00:00,0.0,0.0,0.9885655341000723
2016-11-20 04:00:00,0.006394399491449584,0.0,1.0024151324516755
2016-11-20 05:00:00,0.037092904297486566,0.0,1.0333868914277606
2016-11-20 06:00:00,0.052260079284934036,0.0,1.048825356647571
2016-11-20 07:00:00,0.12321664551041871,0.0,1.1200413818766302
2016-11-20 08:00:00,0.09168892466900352,0.0,1.0887516705203188
2016-11-20 09:00:00,0.09643064101061163,0.0,1.0937013421769748
2016-11-20 10:00:00,0.055541621328992145,0.0,1.0529834391324326
2016-11-20 11:00:00,0.03437123328217718,0.0,1.0319431741930771
2016-11-20 12:00:00,0.035792382037563804,0.0,1.0334526981201415
2016-11-20 13:00:00,0.038885386321022,0.0,1.036595664882113
2016-11-20 14:00:00,0.03485636658155436,0.0,1.0325861852408071
2016-11-20 15:00:00,0.029845185147165526,0.0,1.0275771688442459
2016-11-20 16:00:00,0.028344815642631138,0.0,1.0260798967226852
2016-11-20 17:00:00,0.026522781761646283,0.0,1.0242854350626334
2016-11-20 18:00:00,0.02413923023559087,0.0,1.0219824338171506
2016-11-20 19:00:00,0.0227344833271008,0.0,1.0207441434358702
2016-11-20 20:00:00,0.019262127939839255,0.0,1.017560699698188
2016-11-20 21:00:00,0.017899692408788418,0.0,1.016648646344248
2016-11-20 22:00:00,0.013423130136396145,0.0,1.0128225405727753
2016-11-20 23:00:00,0.0077175829276137295,0.0,1.0079711803122064
2016-11-21 00:00:00,0.0036936785436542134,0.0,1.0051698649118865
2016-11-21 01:00:00,0.002667976086276943,0.0,1.005632953031376
2016-11-21 02:00:00,0.004383291009651843,0.0,1.0091864656665854
2016-11-21 03:00:00,0.01039077771410615,0.0,1.0174024594123547
2016-11-21 04:00:00,0.025185112099552834,0.0,1.0347913857437518
2016-11-21 05:00:00,0.05696770598359162,0.0,1.0695614499893822
2016-11-21 06:00:00,0.07308234019540945,0.0,1.0890533654313728
2016-11-21 07:00:00,0.14484122165951124,0.0,1.164565943402549
2016-11-21 08:00:00,0.11396393853464777,0.0,1.1377949760703605
2016-11-21 09:00:00,0.11919934121832587,0.0,1.147455448692105
2016-11-21 10:00:00,0.07864429744969133,0.0,1.1116010197848794
2016-11-21 11:00:00,0.05764716109397358,0.0,1.0955285791100533
2016-11-21 12:00:00,0.059081774240286766,0.0,1.1020536560302692
2016-11-21 13:00:00,0.062031323649699745,0.0,1.1101959385780251
2016-11-21 14:00:00,0.05770668454189248,0.0,1.1110994663162717
2016-11-21 15:00:00,0.05225429218847574,0.0,1.1108424628891898
2016-11-21 16:00:00,0.05017541948410217,0.0,1.113858611436633
2016-11-21 17:00:00,0.04764750178477171,0.0,1.1162603423102684
2016-11-21 18:00:00,0.044442075333714526,0.0,1.117758633291294
2016-11-21 19:00:00,0.042112176343567224,0.0,1.11985210917119
2016-11-21 20:00:00,0.03762525980700334,0.0,1.119461429389882
2016-11-21 21:00:00,0.03517369129594628,0.0,1.1207407524486117
2016-11-21 22:00:00,0.029549033297650313,0.0,1.118449765239278
2016-11-21 23:00:00,0.022652601480482565,0.0,1.1144101687133598
2016-11-22 00:00:00,0.017411548073629702,0.0,1.111744823307283
2016-11-22 01:00:00,0.01515908872767009,0.0,1.1115863364304905
2016-11-22 02:00:00,0.01565460746395438,0.0,1.1137812572741348
2016-11-22 03:00:00,0.020465520498030496,0.0,1.1199186225674103
2016-11-22 04:00:00,0.03410224412993242,0.0,1.134542751131987
2016-11-22 05:00:00,0.06478120136966183,0.0,1.1659119314175406
2016-11-22 06:00:00,0.07986025678553117,0.0,1.1814323843207315
2016-11-22 07:00:00,0.1506645874451179,0.0,1.2524825139822608
2016-11-22 08:00:00,0.11892546641658443,0.0,1.2208499236303847
2016-11-22 09:00:00,0.12340198885924526,0.0,1.2253512813181144
2016-11-22 10:00:00,0.08219969094251242,0.0,1.1841490489674897
2016-11-22 11:00:00,0.06067390294502673,0.0,1.1626529837388018
2016-11-22 12:00:00,0.06170365767408649,0.0,1.163792302250734
2016-11-22 13:00:00,0.06437547647100937,0.0,1.1666978977419842
2016-11-22 14:00:00,0.05990166672412457,0.0,1.1626193066792117
2016-11-22 15:00:00,0.054428171983461254,0.0,1.1577315194544682
2016-11-22 16:00:00,0.05245385315873759,0.0,1.1565535546264771
2016-11-22 17:00:00,0.05015184208082808,0.0,1.1552694634797709
2016-11-22 18:00:00,0.04728753341807902,0.0,1.1536463390711875
2016-11-22 19:00:00,0.04540606137127982,0.0,1.1532221673965568
2016-11-22 20:00:00,0.041465319266599285,0.0,1.1509395653950625
2016-11-22 21:00:00,0.03964657405760935,0.0,1.150957579743965
2016-11-22 22:00:00,0.034728895755113606,0.0,1.148029881179221
2016-11-22 23:00:00,0.02859987538658655,0.0,1.144064635382219
2016-11-23 00:00:00,0.024171886639409952,0.0,1.1417618799241338
2016-11-23 01:00:00,0.022762505311259156,0.0,1.1425842508884159
2016-11-23 02:00:00,0.024114818746638417,0.0,1.1461705536168159
2016-11-23 03:00:00,0.02977950346102875,0.0,1.1540383212119711
2016-11-23 04:00:00,0.04425001343939747,0.0,1.1706471241609193
2016-11-23 05:00:00,0.0757258109831029,0.0,1.204166026039346
2016-11-23 06:00:00,0.09154802674556618,0.0,1.2219101329226845
2016-11-23 07:00:00,0.16302555396208018,0.0,1.2951672897204116
2016-11-23 08:00:00,0.1318740504961881,0.0,1.2656374440364662
2016-11-23 09:00:00,0.13683787594121719,0.0,1.2720547108851337
2016-11-23 10:00:00,0.09600891131606917,0.0,1.2325060984422835
2016-11-23 11:00:00,0.07473010013151374,0.0,1.2123347538935165
2016-11-23 12:00:00,0.0758695295485924,0.0,1.214413574888511
2016-11-23 13:00:00,0.07850437166401839,0.0,1.21782853857776
2016-11-23 14:00:00,0.07383931682958131,0.0,1.2137964158102783
2016-11-23 15:00:00,0.06801453832664335,0.0,1.2084719477347945
2016-11-23 16:00:00,0.06552506536865647,0.0,1.2063664004269186
2016-11-23 17:00:00,0.06254220448682228,0.0,1.203668175440829
2016-11-23 18:00:00,0.05883157436456202,0.0,1.2001600769045655
2016-11-23 19:00:00,0.0559405999302665,0.0,1.1974061130392417
2016-11-23 20:00:00,0.050831523532738315,0.0,1.192383919218761
2016-11-23 21:00:00,0.04769198523908966,0.0,1.189294896716568
2016-11-23 22:00:00,0.041309392625996325,0.0,1.1829384942157344
2016-11-23 23:00:00,0.03358155433781571,0.0,1.1752259394703635
2016-11-24 00:00:00,0.027432833548889434,0.0,1.169078311420391
2016-11-24 01:00:00,0.02419443673600151,0.0,1.16584004921348
2016-11-24 02:00:00,0.023624571506323085,0.0,1.1652707528547963
2016-11-24 03:00:00,0.027290353513060226,0.0,1.1689390776978428
2016-11-24 04:00:00,0.03970280701805706,0.0,1.181356254996012
2016-11-24 05:00:00,0.06907989326396823,0.0,1.210739558029763
2016-11-24 06:00:00,0.08278195577258408,0.0,1.2244481700148102
2016-11-24 07:00:00,0.15213759020775133,0.0,1.293809464427593
2016-11-24 08:00:00,0.11888241518244631,0.0,1.260558147890944
2016-11-24 09:00:00,0.1217807740954347,0.0,1.2634582734954753
2016-11-24 10:00:00,0.07894431843766112,0.0,1.2206220575201858
2016-11-24 11:00:00,0.05573531426367287,0.0,1.1974133292496332
2016-11-24 12:00:00,0.055040493450284965,0.0,1.1967214294586024
2016-11-24 13:00:00,0.0559547726232952,0.0,1.1976448804746822
2016-11-24 14:00:00,0.049699474414910204,0.0,1.1914094683963792
2016-11-24 15:00:00,0.04243009300390238,0.0,1.1841757907144188
2016-11-24 16:00:00,0.038655483384706285,0.0,1.180458164675611
2016-11-24 17:00:00,0.03455911670524563,0.0,1.1764455582007538
2016-11-24 18:00:00,0.029916968806592087,0.0,1.1719191323608797
2016-11-24 19:00:00,0.026284889598214928,0.0,1.1684392663301273
2016-11-24 20:00:00,0.0206315126514817,0.0,1.1629781515994688
2016-11-24 21:00:00,0.017148758323828176,0.0,1.1597300893308984
2016-11-24 22:00:00,0.01062615175553423,0.0,1.1534865502496898
2016-11-24 23:00:00,0.002961430669813473,0.0,1.146165491103427
2016-11-25 00:00:00,0.0,0.0,1.1406173743581163
2016-11-25 01:00:00,0.0,0.0,1.138237084552515
2016-11-25 02:00:00,0.0,0.0,1.1387441799138718
2016-11-25 03:00:00,0.0,0.0,1.14369174196495
2016-11-25 04:00:00,0.012291839421125415,0.0,1.1575724690333198
2016-11-25 05:00:00,0.04283014823387821,0.0,1.1885834836850404
2016-11-25 06:00:00,0.0578380989774636,0.0,1.204062318406374
2016-11-25 07:00:00,0.12862886656696437,0.0,1.2753133381816246
2016-11-25 08:00:00,0.09692134950532072,0.0,1.244047076414066
2016-11-25 09:00:00,0.10146207266072696,0.0,1.2490024928842767
2016-11-25 10:00:00,0.0603439845456904,0.0,1.2082660831251621
2016-11-25 11:00:00,0.038909988160019116,0.0,1.1871756622077978
2016-11-25 12:00:00,0.04002702425879001,0.0,1.188594629152521
2016-11-25 13:00:00,0.04277002707122924,0.0,1.191596023408251
2016-11-25 14:00:00,0.038340384220111476,0.0,1.1873810010418768
2016-11-25 15:00:00,0.0328739398587495,0.0,1.1820867701934767
2016-11-25 16:00:00,0.030860417551476265,0.0,1.1802058674377733
2016-11-25 17:00:00,0.028464902368106483,0.0,1.1779074239094405
2016-11-25 18:00:00,0.02544594654288172,0.0,1.1749549986958452
2016-11-25 19:00:00,0.023343143670393696,0.0,1.1728938407977374
2016-11-25 20:00:00,0.01911022831429597,0.0,1.1686836560655227
2016-11-25 21:00:00,0.01692575201996087,0.0,1.166508957526363
2016-11-25 22:00:00,0.011567554966147055,0.0,1.1611532741905857
2016-11-25 23:00:00,0.004923506320070356,0.0,1.1545097186296331
2016-11-26 00:00:00,0.0,0.0,1.1494977597752518
2016-11-26 01:00:00,0.0,0.0,1.1474375324412276
2016-11-26 02:00:00,0.0,0.0,1.1480812577256327
2016-11-26 03:00:00,0.003355833984697875,0.0,1.1529864160437142
2016-11-26 04:00:00,0.016994759769503133,0.0,1.16665368359768
2016-11-26 05:00:00,0.04759653795154753,0.0,1.1972900430590991
2016-11-26 06:00:00,0.06251209936874862,0.0,1.2122445279707061
2016-11-26 07:00:00,0.13306112995758404,0.0,1.2828344389045108
2016-11-26 08:00:00,0.10097093399349764,0.0,1.2507844856198995
2016-11-26 09:00:00,0.10499822062971474,0.0,1.2548488646176188
2016-11-26 10:00:00,0.0632477631958759,0.0,1.2131302012080742
2016-11-26 11:00:00,0.0410757720811885,0.0,1.1909831769093615
2016-11-26 12:00:00,0.04136380207230601,0.0,1.1912886446015851
2016-11-26 13:00:00,0.04320251640240097,0.0,1.1931375379794775
2016-11-26 14:00:00,0.037809941684841586,0.0,1.1877491975134924
2016-11-26 15:00:00,0.03133925533510025,0.0,1.1812791471368596
2016-11-26 16:00:00,0.028297984723575965,0.0,1.1782381986760282
2016-11-26 17:00:00,0.02486926034267297,0.0,1.1748135295486297
2016-11-26 18:00:00,0.020829690212256797,0.0,1.1707863096702724
2016-11-26 19:00:00,0.017736703394286492,0.0,1.1677187394753452
2016-11-26 20:00:00,0.012561422379093082,0.0,1.1625865796419685
2016-11-26 21:00:00,0.009499118173291098,0.0,1.1595892812277708
2016-11-26 22:00:00,0.0033434700798525953,0.0,1.15352444483263
2016-11-26 23:00:00,0.0,0.0,1.1463097120990131
2016-11-27 00:00:00,0.0,0.0,1.14083070476276
2016-11-27 01:00:00,0.0,0.0,1.1384642347047915
2016-11-27 02:00:00,0.0,0.0,1.1389491336327897
2016-11-27 03:00:00,0.0,0.0,1.1438474381249186
2016-11-27 04:00:00,0.006402750022102433,0.0,1.1576610166661871
2016-11-27 05:00:00,0.03710125482813991,0.0,1.1885957629148498
2016-11-27 06:00:00,0.05226842981558685,0.0,1.2039974969947922
2016-11-27 07:00:00,0.12322499604107195,0.0,1.2751784043028667
2016-11-27 08:00:00,0.0916972751996565,0.0,1.2438564843189441
2016-11-27 09:00:00,0.09643899154126469,0.0,1.2487780146445289
2016-11-27 10:00:00,0.05554997185964529,0.0,1.208036949696264
2016-11-27 11:00:00,0.03437958381283014,0.0,1.1869790605112422
2016-11-27 12:00:00,0.03580073256821689,0.0,1.1884765993120887
2016-11-27 13:00:00,0.03889373685167493,0.0,1.1916127725850223
2016-11-27 14:00:00,0.03486471711220765,0.0,1.1876006187088761
2016-11-27 15:00:00,0.029853535677818507,0.0,1.1825912956517088
2016-11-27 16:00:00,0.02835316617328414,0.0,1.1810936256156301
2016-11-27 17:00:00,0.026531132292299323,0.0,1.1792955119161543
2016-11-27 18:00:00,0.02414758076624391,0.0,1.176981775234402
2016-11-27 19:00:00,0.02274283385775392,0.0,1.1757212450146712
2016-11-27 20:00:00,0.01927047847049217,0.0,1.1724991578151496
2016-11-27 21:00:00,0.01790804293944148,0.0,1.171526843870072
2016-11-27 22:00:00,0.013431480667049273,0.0,1.1676137310589174
2016-11-27 23:00:00,0.007725933458266704,0.0,1.1626482061927956
2016-11-28 00:00:00,0.0037020290743071706,0.0,1.1596836899848346
2016-11-28 01:00:00,0.00267632661692994,0.0,1.1599484353715244
2016-11-28 02:00:00,0.0043916415403049336,0.0,1.1632576623087278
2016-11-28 03:00:00,0.010399128244759252,0.0,1.1711810666619644
2016-11-28 04:00:00,0.025193462630205624,0.0,1.1882275352916636
2016-11-28 05:00:00,0.05697605651424484,0.0,1.2226050088418685
2016-11-28 06:00:00,0.07309069072606222,0.0,1.2416553285679568
2016-11-28 07:00:00,0.1448495721901644,0.0,1.3166798506007202
2016-11-28 08:00:00,0.11397228906530071,0.0,1.2893782884659426
2016-11-28 09:00:00,0.11920769174897887,0.0,1.2984708230367734
2016-11-28 10:00:00,0.07865264798034438,0.0,1.2620174247135139
2016-11-28 11:00:00,0.057655511624626496,0.0,1.245322207618602
2016-11-28 12:00:00,0.059090124770939834,0.0,1.2512086007253351
2016-11-28 13:00:00,0.06203967418035246,0.0,1.2587046098225523
2016-11-28 14:00:00,0.05771503507254569,0.0,1.2589627468916311
2016-11-28 15:00:00,0.0522626427191287,0.0,1.2580696051226081
2016-11-28 16:00:00,0.0501837700147551,0.0,1.2604668930945429
2016-11-28 17:00:00,0.04765585231542457,0.0,1.262274505473172
2016-11-28 18:00:00,0.044450425864367496,0.0,1.2632101358080392
2016-11-28 19:00:00,0.04212052687422026,0.0,1.2647782215156926
2016-11-28 20:00:00,0.03763361033765615,0.0,1.263904213204818
2016-11-28 21:00:00,0.03518204182659916,0.0,1.2647459827332999
2016-11-28 22:00:00,0.029557383828303335,0.0,1.262066170347169
2016-11-28 23:00:00,0.022660952011135455,0.0,1.2576949788916743
2016-11-29 00:00:00,0.0174198986042826,0.0,1.254731932462946
2016-11-29 01:00:00,0.015167439258322885,0.0,1.2543323294994542
2016-11-29 02:00:00,0.01566295799460732,0.0,1.2563321740575044
2016-11-29 03:00:00,0.020473871028683487,0.0,1.2623176676587333
2016-11-29 04:00:00,0.034110594660585115,0.0,1.2768289862021702
2016-11-29 05:00:00,0.06478955190031475,0.0,1.3081194534721206
2016-11-29 06:00:00,0.07986860731618386,0.0,1.3235896554371243
2016-11-29 07:00:00,0.15067293797577092,0.0,1.3946118570121564
2016-11-29 08:00:00,0.11893381694723726,0.0,1.362967201245176
2016-11-29 09:00:00,0.12341033938989814,0.0,1.3674657719849808
2016-11-29 10:00:00,0.08220804147316524,0.0,1.3262635279637829
2016-11-29 11:00:00,0.0606822534756795,0.0,1.3047640103938982
2016-11-29 12:00:00,0.0617120082047394,0.0,1.3058907065006742
2016-11-29 13:00:00,0.06438382700166206,0.0,1.308769450247894
2016-11-29 14:00:00,0.05991001725477751,0.0,1.3046455478338277
2016-11-29 15:00:00,0.0544365225141141,0.0,1.2996907143404661
2016-11-29 16:00:00,0.052462203689390335,0.0,1.2984217341814375
2016-11-29 17:00:00,0.05016019261148092,0.0,1.2970215074690952
2016-11-29 18:00:00,0.04729588394873176,0.0,1.2952570544792268
2016-11-29 19:00:00,0.04541441190193274,0.0,1.2946673166489862
2016-11-29 20:00:00,0.04147366979725202,0.0,1.2921968010418234
2016-11-29 21:00:00,0.03965492458826215,0.0,1.292007229980804
2016-11-29 22:00:00,0.034737246285766396,0.0,1.2888552953051131
2016-11-29 23:00:00,0.028608225917239393,0.0,1.2846470106041015
2016-11-30 00:00:00,0.024180237170062728,0.0,1.2821063087513507
2016-11-30 01:00:00,0.022770855841911946,0.0,1.2826796344372984
2016-11-30 02:00:00,0.024123169277291166,0.0,1.2860174750236621
2016-11-30 03:00:00,0.029787853991681636,0.0,1.2936410264365454
2016-11-30 04:00:00,0.04425836397005008,0.0,1.3100135557769084
2016-11-30 05:00:00,0.07573416151375577,0.0,1.3433073947961118
2016-11-30 06:00:00,0.09155637727621894,0.0,1.3608404023932423
2016-11-30 07:00:00,0.16303390449273295,0.0,1.4339026073056018
2016-11-30 08:00:00,0.13188240102684104,0.0,1.40419554490375
2016-11-30 09:00:00,0.13684622647186998,0.0,1.4104543194951045
2016-11-30 10:00:00,0.09601726184672196,0.0,1.3707663499816947
2016-11-30 11:00:00,0.07473845066216653,0.0,1.3504746551253863
2016-11-30 12:00:00,0.07587788007924526,0.0,1.3524515207773002
2016-11-30 13:00:00,0.07851272219467106,0.0,1.3557818976580778
2016-11-30 14:00:00,0.07384766736023425,0.0,1.3516811937245263
2016-11-30 15:00:00,0.06802288885729614,0.0,1.3463025347407676
2016-11-30 16:00:00,0.06553341589930926,0.0,1.3441554050442448
2016-11-30 17:00:00,0.06255055501747521,0.0,1.3414263428495043
2016-11-30 18:00:00,0.05883992489521474,0.0,1.3378962873269051
2016-11-30 19:00:00,0.055948950460919376,0.0,1.3351274522175531
2016-11-30 20:00:00,0.050839874063391174,0.0,1.3300958101532074
2016-11-30 21:00:00,0.04770033576974245,0.0,1.3270012773641389
2016-11-30 22:00:00,0.04131774315664913,0.0,1.3206420033544726
2016-11-30 23:00:00,0.033589904868468565,0.0,1.3129277633201017
